Student_ID,Student_Name,Mathematics,Physics,Chemistry,Computer_Science,English,Statistics,Average,Category
S0001,Oscar Wilson,82.5,83.7,94.4,74.0,66.4,88.7,81.62,Above Average
S0002,Bob Lee,80.4,87.8,83.8,79.4,72.6,70.4,79.07,Above Average
S0003,Olivia Baker,45.7,68.0,54.1,51.2,46.6,64.7,55.05,Below Average
S0004,Victor Kim,100,99.0,100,88.1,100,84.9,95.33,Above Average
S0005,Ivan Wilson,82.2,69.3,78.7,71.8,72.8,72.5,74.55,Above Average
S0006,Carol Stewart,64.2,69.8,68.4,66.0,68.4,67.1,67.32,Below Average
S0007,Oscar Richardson,70.2,66.0,70.5,75.0,59.9,60.6,67.03,Below Average
S0008,Vera Garcia,71.4,74.0,78.8,66.6,56.0,63.1,68.32,Below Average
S0009,Carl Murphy,67.7,80.2,74.8,72.8,78.9,88.7,77.18,Above Average
S0010,Uma Harris,58.9,56.7,71.0,58.9,62.8,69.4,62.95,Below Average
S0011,Julia Roberts,81.3,77.2,65.9,76.0,97.9,67.2,77.58,Above Average
S0012,David Howard,80.4,78.8,73.9,63.6,78.9,74.7,75.05,Above Average
S0013,Diana Perez,82.0,83.2,67.6,84.4,82.8,71.9,78.65,Above Average
S0014,Victor Wilson,50.2,56.0,64.3,51.7,47.4,30.5,50.02,Below Average
S0015,Xena Anderson,66.1,55.5,55.4,61.0,66.1,63.0,61.18,Below Average
S0016,Yusuf Gray,76.8,77.0,76.4,78.5,91.9,70.0,78.43,Above Average
S0017,Carl Rivera,73.1,84.5,57.1,78.5,75.3,82.8,75.22,Above Average
S0018,Yusuf Thomas,86.8,87.1,74.6,78.6,86.4,74.5,81.33,Above Average
S0019,Noah Gray,50.0,55.3,59.8,64.8,52.8,44.2,54.48,Below Average
S0020,Henry Garcia,78.6,84.7,72.6,74.4,78.1,80.5,78.15,Above Average
S0021,Oscar Brown,92.7,77.4,73.1,76.3,87.3,76.4,80.53,Above Average
S0022,Irene Ward,70.1,74.3,81.4,64.1,79.6,81.6,75.18,Above Average
S0023,Bella Allen,64.2,58.5,48.2,63.7,59.7,54.1,58.07,Below Average
S0024,Eli Kim,78.3,83.5,70.3,80.9,77.2,84.2,79.07,Above Average
S0025,Irene Martinez,55.2,47.2,48.9,64.9,49.6,67.6,55.57,Below Average
S0026,Demi Garcia,71.3,74.7,68.5,74.6,74.0,69.5,72.1,Above Average
S0027,Yara Thompson,84.6,88.1,100,89.1,77.0,86.0,87.47,Above Average
S0028,Mia Clark,60.8,62.9,60.0,57.4,59.2,62.6,60.48,Below Average
S0029,Ethan Mitchell,80.1,93.8,88.2,86.7,82.5,99.4,88.45,Above Average
S0030,Zane Wilson,91.6,78.2,79.9,80.8,92.1,87.7,85.05,Above Average
S0031,Kevin Perez,73.9,64.9,62.1,67.8,72.4,62.8,67.32,Below Average
S0032,Irene Bell,62.5,61.1,54.0,54.4,69.5,67.3,61.47,Below Average
S0033,George Thompson,85.0,84.9,82.0,77.6,87.9,72.9,81.72,Above Average
S0034,Aaron Collins,57.6,67.1,51.8,63.0,82.3,79.2,66.83,Below Average
S0035,Quinn Wilson,78.8,90.8,92.6,89.0,94.3,81.2,87.78,Above Average
S0036,George Carter,50.2,67.8,61.1,53.9,51.4,48.2,55.43,Below Average
S0037,Victor Murphy,100,99.4,100,92.0,85.0,100,96.07,Above Average
S0038,Tom Torres,92.0,92.4,83.8,98.1,88.6,91.7,91.1,Above Average
S0039,Xander Torres,89.3,100,99.9,93.1,87.2,91.8,93.55,Above Average
S0040,Eli Scott,97.4,82.0,89.5,81.6,91.7,96.5,89.78,Above Average
S0041,Liam Ward,68.2,78.0,59.2,55.4,71.8,65.0,66.27,Below Average
S0042,Karen Bailey,60.6,55.5,71.7,65.2,68.6,80.0,66.93,Below Average
S0043,Wendy Lewis,67.8,84.4,94.0,77.2,86.3,94.9,84.1,Above Average
S0044,Wendy Collins,68.7,80.0,84.7,74.8,96.9,83.6,81.45,Above Average
S0045,Quinn Anderson,30.8,52.4,44.5,34.0,53.5,20.7,39.32,Below Average
S0046,Henry King,89.6,82.4,93.7,87.8,71.1,83.6,84.7,Above Average
S0047,Sofia Cook,85.5,93.0,98.3,100,84.6,81.8,90.53,Above Average
S0048,Henry Cook,67.3,54.0,56.1,53.5,56.3,50.0,56.2,Below Average
S0049,Mia Scott,59.3,66.0,61.1,58.6,62.6,69.5,62.85,Below Average
S0050,Noah Green,65.6,52.5,59.4,70.9,58.9,54.6,60.32,Below Average
S0051,Zara Torres,87.7,87.4,85.5,85.2,81.4,100,87.87,Above Average
S0052,Paul Morris,83.0,100,89.9,90.3,99.3,87.3,91.63,Above Average
S0053,Yusuf Martinez,52.6,36.6,42.1,41.9,53.3,55.3,46.97,Below Average
S0054,Glen Bell,97.3,73.8,87.6,81.1,90.8,75.0,84.27,Above Average
S0055,Diana Brown,40.6,50.0,49.9,37.3,49.1,40.4,44.55,Below Average
S0056,Xena Torres,54.5,73.4,74.8,62.9,75.5,63.4,67.42,Below Average
S0057,Karen Morgan,73.8,80.6,65.1,78.1,94.1,74.6,77.72,Above Average
S0058,Chris Martinez,71.5,67.2,64.2,87.4,76.9,75.1,73.72,Above Average
S0059,Yara Rogers,81.3,70.6,80.4,74.0,77.4,80.7,77.4,Above Average
S0060,Yusuf Campbell,63.2,61.1,69.3,54.5,42.7,64.4,59.2,Below Average
S0061,Tina Bell,63.3,57.6,44.0,51.1,38.2,59.9,52.35,Below Average
S0062,Rachel Green,55.8,64.4,56.7,51.2,61.2,48.6,56.32,Below Average
S0063,Holly Thomas,85.5,95.7,80.8,85.0,83.9,72.2,83.85,Above Average
S0064,Liam Brown,82.0,89.6,75.5,84.5,87.1,78.0,82.78,Above Average
S0065,James Richardson,59.1,38.9,54.4,70.6,58.3,52.4,55.62,Below Average
S0066,Priya White,77.0,56.9,77.0,78.0,78.9,79.9,74.62,Above Average
S0067,Ryan Wilson,62.1,60.0,51.3,69.7,73.8,64.2,63.52,Below Average
S0068,Beth Taylor,69.8,65.2,72.9,67.2,57.2,48.0,63.38,Below Average
S0069,Zane Reed,87.3,80.0,71.9,74.9,70.7,71.3,76.02,Above Average
S0070,Zara Phillips,53.6,44.9,45.2,55.5,44.8,51.8,49.3,Below Average
S0071,Demi Scott,71.1,85.5,71.7,80.4,63.4,62.5,72.43,Above Average
S0072,Priya Robinson,66.3,67.7,81.1,70.9,84.6,70.2,73.47,Above Average
S0073,Uma Cox,91.5,71.2,81.4,72.8,62.4,69.2,74.75,Above Average
S0074,Fiona Cox,58.3,70.8,58.8,67.4,60.5,73.1,64.82,Below Average
S0075,Faith Robinson,55.1,60.6,64.0,49.9,64.1,59.0,58.78,Below Average
S0076,Uma Carter,84.2,86.1,83.4,93.5,86.1,97.4,88.45,Above Average
S0077,Xander Nelson,59.2,71.7,61.4,56.3,68.7,59.6,62.82,Below Average
S0078,Vera Jackson,74.9,92.2,91.8,76.4,84.8,92.4,85.42,Above Average
S0079,Rachel Cook,47.6,36.4,42.0,58.2,49.0,50.5,47.28,Below Average
S0080,Uma Roberts,81.5,81.6,86.1,82.0,90.5,75.9,82.93,Above Average
S0081,Xena Carter,74.3,71.6,82.4,62.3,91.0,73.3,75.82,Above Average
S0082,Henry Cooper,100,99.6,85.1,90.2,100,100,95.82,Above Average
S0083,James Lewis,82.9,72.0,76.8,70.7,73.5,81.1,76.17,Above Average
S0084,Holly Baker,57.3,70.6,51.1,64.9,79.3,67.9,65.18,Below Average
S0085,Grace Bell,79.5,71.7,70.2,75.6,77.0,82.9,76.15,Above Average
S0086,Mike Nelson,70.7,77.8,68.9,60.2,60.5,75.7,68.97,Below Average
S0087,Irene Thompson,65.1,66.1,60.1,67.0,80.5,65.5,67.38,Below Average
S0088,Beth Davis,55.3,53.1,46.3,63.4,45.0,48.2,51.88,Below Average
S0089,Henry Adams,53.5,73.8,61.7,61.7,65.1,73.2,64.83,Below Average
S0090,Uma Parker,75.2,78.7,89.9,71.6,57.7,66.2,73.22,Above Average
S0091,Xena Morris,69.4,79.2,73.9,70.2,77.8,74.0,74.08,Above Average
S0092,Bella Edwards,100,78.6,89.9,99.5,96.4,100,94.07,Above Average
S0093,Karen Hall,65.0,55.8,53.2,60.2,57.9,65.3,59.57,Below Average
S0094,Henry Murphy,68.9,82.3,88.5,75.9,68.8,74.6,76.5,Above Average
S0095,Mia Perez,69.2,49.4,49.4,61.9,68.6,66.7,60.87,Below Average
S0096,Tom Carter,81.9,81.2,61.8,62.6,71.9,74.8,72.37,Above Average
S0097,Julia Scott,100,100,93.4,100,100,85.3,96.45,Above Average
S0098,George Reed,70.0,87.2,78.1,71.5,64.7,69.7,73.53,Above Average
S0099,Holly Parker,46.5,51.6,42.5,49.4,39.3,56.1,47.57,Below Average
S0100,Beth Johnson,64.9,72.9,41.0,50.9,61.7,66.6,59.67,Below Average
S0101,Ivan Nelson,71.8,55.0,61.1,61.2,68.1,60.1,62.88,Below Average
S0102,Olivia Cox,57.6,54.9,56.8,44.7,60.2,49.9,54.02,Below Average
S0103,Ryan Bailey,66.2,84.3,86.6,75.8,86.4,97.6,82.82,Above Average
S0104,Chris Kim,45.4,52.7,52.7,46.1,51.5,50.3,49.78,Below Average
S0105,Ethan Bailey,81.3,78.6,71.9,92.0,70.2,87.7,80.28,Above Average
S0106,Uma Edwards,60.3,49.7,64.4,61.4,73.2,67.6,62.77,Below Average
S0107,Holly Clark,91.7,88.6,93.4,81.1,79.8,80.3,85.82,Above Average
S0108,Glen Smith,92.1,82.5,76.3,85.9,84.4,86.2,84.57,Above Average
S0109,Kevin Morris,69.2,88.2,81.6,69.6,69.9,77.7,76.03,Above Average
S0110,Diana Edwards,68.4,74.7,83.0,69.4,78.3,61.5,72.55,Above Average
S0111,Karen Martinez,64.3,51.9,55.7,56.3,64.5,64.7,59.57,Below Average
S0112,Yara Cox,59.5,66.0,56.0,60.8,72.1,65.1,63.25,Below Average
S0113,Carl Stewart,71.4,80.0,60.4,88.1,67.9,70.3,73.02,Above Average
S0114,Glen Clark,50.2,43.6,51.1,44.0,51.5,55.0,49.23,Below Average
S0115,Xena Cook,62.0,76.3,76.7,72.4,72.4,74.5,72.38,Above Average
S0116,Xander Cook,80.9,81.9,65.1,76.3,73.2,82.4,76.63,Above Average
S0117,Faith Young,42.5,48.9,40.6,50.1,37.8,50.6,45.08,Below Average
S0118,Victor Rivera,68.7,67.0,66.6,69.5,61.6,43.5,62.82,Below Average
S0119,Zane Cox,68.7,76.2,74.6,67.3,73.8,70.3,71.82,Above Average
S0120,Laura King,64.5,39.1,60.7,59.8,72.5,58.7,59.22,Below Average
S0121,Julia Walker,76.4,93.1,85.1,85.0,75.7,75.6,81.82,Above Average
S0122,James White,72.5,84.4,89.3,85.2,81.4,82.2,82.5,Above Average
S0123,Ryan Morgan,57.7,56.1,60.3,75.8,59.4,72.6,63.65,Below Average
S0124,James Robinson,65.2,59.2,39.3,64.5,59.9,54.8,57.15,Below Average
S0125,Sofia Young,34.1,35.1,46.4,41.7,44.0,45.3,41.1,Below Average
S0126,Ryan Harris,54.4,52.8,75.2,63.1,61.4,65.4,62.05,Below Average
S0127,Kevin Harris,96.2,92.0,95.9,95.4,85.3,100,94.13,Above Average
S0128,Alice Robinson,95.4,89.1,96.8,97.1,98.0,100,96.07,Above Average
S0129,Bob Thomas,94.4,93.6,100,94.3,95.4,92.6,95.05,Above Average
S0130,Will Martinez,43.6,59.4,53.5,57.0,38.1,56.9,51.42,Below Average
S0131,Carol Cook,61.3,68.2,75.8,79.8,76.4,69.0,71.75,Above Average
S0132,Sofia Kim,56.1,74.7,76.5,75.1,71.3,71.7,70.9,Above Average
S0133,Rachel Evans,54.4,50.1,84.9,53.2,60.2,59.0,60.3,Below Average
S0134,Tom Wilson,75.6,59.4,70.1,55.9,70.5,77.2,68.12,Below Average
S0135,Olivia Scott,72.5,61.9,66.8,54.4,70.3,61.8,64.62,Below Average
S0136,Irene Nelson,90.7,83.1,79.9,78.9,75.9,62.3,78.47,Above Average
S0137,Julia Brown,53.5,56.8,62.4,51.6,68.2,58.8,58.55,Below Average
S0138,Vera Brown,58.5,45.7,41.6,56.3,50.6,59.2,51.98,Below Average
S0139,Grace Allen,72.2,79.3,68.1,83.9,64.0,93.1,76.77,Above Average
S0140,Nina Morris,67.3,67.0,82.0,62.0,67.9,73.5,69.95,Below Average
S0141,Tom Bell,74.8,84.2,68.7,60.6,64.8,75.2,71.38,Above Average
S0142,Will Perez,87.0,93.4,81.1,91.7,82.8,71.6,84.6,Above Average
S0143,Kevin Parker,76.7,81.5,84.7,72.5,69.7,70.5,75.93,Above Average
S0144,Chris Scott,58.3,73.5,66.6,65.8,57.7,72.0,65.65,Below Average
S0145,Fiona Perez,68.1,61.6,76.8,76.9,70.5,71.2,70.85,Above Average
S0146,Quinn Clark,77.9,79.2,78.2,73.4,69.2,86.9,77.47,Above Average
S0147,George Turner,70.3,97.2,89.8,84.4,83.3,96.9,86.98,Above Average
S0148,Kevin Green,49.4,55.0,57.2,62.6,67.7,61.6,58.92,Below Average
S0149,Aaron Evans,57.3,48.7,60.8,61.0,59.5,51.6,56.48,Below Average
S0150,Eli Lewis,74.7,69.2,75.4,71.7,68.3,67.5,71.13,Above Average
S0151,Mia Torres,66.5,85.0,70.8,76.1,76.8,73.6,74.8,Above Average
S0152,Jack Bell,79.6,76.2,90.1,76.0,69.4,81.7,78.83,Above Average
S0153,Laura Baker,46.6,47.0,43.2,52.1,80.7,58.1,54.62,Below Average
S0154,Ethan Baker,74.1,73.3,77.6,79.8,91.8,87.8,80.73,Above Average
S0155,Carol Brown,70.1,51.8,47.9,74.4,71.1,57.4,62.12,Below Average
S0156,Zara Morgan,89.4,77.2,86.8,71.7,78.5,90.7,82.38,Above Average
S0157,Jack Brown,55.6,63.0,31.8,61.1,57.0,63.3,55.3,Below Average
S0158,Chris Perez,71.9,75.9,72.0,81.3,70.5,80.5,75.35,Above Average
S0159,Mike Brown,65.0,79.5,77.7,73.4,70.3,74.3,73.37,Above Average
S0160,Eli Davis,49.4,63.9,59.4,60.5,66.8,52.2,58.7,Below Average
S0161,Zane Thomas,38.0,45.8,55.8,52.4,34.4,41.4,44.63,Below Average
S0162,Will Morris,55.3,50.4,47.7,43.9,59.1,53.0,51.57,Below Average
S0163,James Harris,72.3,74.0,95.4,64.6,66.4,63.1,72.63,Above Average
S0164,Ivan Richardson,57.4,48.4,49.5,44.2,50.2,50.8,50.08,Below Average
S0165,Jack Taylor,90.9,67.5,67.6,79.3,77.4,71.4,75.68,Above Average
S0166,Chris Evans,83.5,99.4,77.0,89.5,81.1,100,88.42,Above Average
S0167,Ethan Torres,71.3,99.7,70.3,71.5,79.4,70.6,77.13,Above Average
S0168,Karen Cooper,85.3,92.3,83.8,80.1,74.3,82.9,83.12,Above Average
S0169,Irene Kim,59.2,70.9,70.9,73.2,75.9,53.5,67.27,Below Average
S0170,Frank Peterson,71.6,78.7,69.0,71.6,79.0,73.2,73.85,Above Average
S0171,Paul King,83.4,100,86.9,89.8,73.8,84.7,86.43,Above Average
S0172,Sam Peterson,71.6,54.9,73.7,75.3,64.9,66.0,67.73,Below Average
S0173,Frank Smith,86.3,58.9,67.3,67.3,70.5,69.5,69.97,Below Average
S0174,David Garcia,69.4,88.7,78.1,82.9,90.8,75.8,80.95,Above Average
S0175,Bob Edwards,62.5,68.4,69.8,58.7,59.2,52.9,61.92,Below Average
S0176,Frank Perez,83.8,80.4,71.5,79.3,91.0,80.1,81.02,Above Average
S0177,Yara Howard,57.4,61.3,54.5,69.3,56.7,48.0,57.87,Below Average
S0178,Oscar Kim,89.9,75.2,86.9,90.2,74.1,84.0,83.38,Above Average
S0179,Liam Richardson,65.6,70.6,63.8,75.5,71.8,75.9,70.53,Above Average
S0180,Sam Jackson,64.0,60.4,76.9,63.8,35.0,56.6,59.45,Below Average
S0181,Quinn White,67.0,63.5,83.1,76.9,66.8,77.6,72.48,Above Average
S0182,Faith Wright,79.4,63.1,63.8,94.2,70.7,80.3,75.25,Above Average
S0183,Irene Rivera,48.9,50.1,47.4,38.7,41.7,43.8,45.1,Below Average
S0184,Frank Walker,65.4,63.2,62.3,64.0,66.3,62.1,63.88,Below Average
S0185,Eli Peterson,69.1,43.0,68.5,49.4,45.4,41.5,52.82,Below Average
S0186,Aaron Morgan,54.8,45.5,70.2,71.9,63.7,61.2,61.22,Below Average
S0187,Eva Garcia,66.5,66.4,81.0,64.5,66.6,81.4,71.07,Above Average
S0188,Xena Martinez,59.6,63.9,59.1,75.3,68.4,72.3,66.43,Below Average
S0189,Will Anderson,60.2,54.4,57.8,59.6,68.8,66.7,61.25,Below Average
S0190,Holly Carter,73.1,75.9,76.2,74.0,65.5,45.0,68.28,Below Average
S0191,Aaron Morris,93.2,91.8,87.1,91.7,96.0,96.6,92.73,Above Average
S0192,Uma Gray,77.2,74.0,75.0,83.0,92.8,77.4,79.9,Above Average
S0193,Paul Bailey,60.9,52.6,56.7,64.8,60.2,62.9,59.68,Below Average
S0194,Vera Nelson,55.5,66.9,70.5,66.3,80.4,67.1,67.78,Below Average
S0195,Chris Adams,60.7,77.3,57.6,64.1,63.4,75.6,66.45,Below Average
S0196,Holly Howard,73.2,70.7,72.1,73.2,63.8,80.6,72.27,Above Average
S0197,Wendy Perez,80.8,90.3,100,86.4,89.0,87.1,88.93,Above Average
S0198,George Collins,95.3,100,92.7,95.7,84.0,75.3,90.5,Above Average
S0199,Carl Gray,45.5,53.8,51.8,44.7,43.2,43.4,47.07,Below Average
S0200,Aiden Evans,49.3,48.1,50.7,50.6,64.2,52.9,52.63,Below Average
S0201,Aaron Rivera,61.8,70.5,69.2,59.4,71.4,71.1,67.23,Below Average
S0202,Uma Howard,85.1,74.9,100,71.0,93.0,93.4,86.23,Above Average
S0203,Julia Kim,74.5,65.7,72.3,71.8,70.1,58.1,68.75,Below Average
S0204,Paul Howard,95.0,74.6,94.7,77.9,84.8,87.4,85.73,Above Average
S0205,George Adams,61.7,80.8,64.5,40.8,61.0,63.3,62.02,Below Average
S0206,David Clark,66.4,83.5,77.8,75.5,67.8,79.4,75.07,Above Average
S0207,Bella Thomas,77.6,87.0,78.7,77.9,92.4,89.8,83.9,Above Average
S0208,Eva King,72.7,86.0,81.9,100,84.6,82.7,84.65,Above Average
S0209,Grace Wright,64.2,40.2,44.6,54.0,55.9,45.5,50.73,Below Average
S0210,Carol Thomas,70.7,59.9,69.5,73.4,77.4,71.3,70.37,Above Average
S0211,Irene Evans,74.3,55.6,56.7,59.1,61.7,57.7,60.85,Below Average
S0212,Kevin Lewis,69.7,71.4,69.3,74.5,65.2,74.6,70.78,Above Average
S0213,Glen Cook,75.6,78.6,80.1,71.8,66.0,78.7,75.13,Above Average
S0214,David Campbell,58.2,69.1,65.4,54.3,57.1,78.1,63.7,Below Average
S0215,Paul White,49.8,58.4,63.3,48.1,59.3,58.0,56.15,Below Average
S0216,Nina Peterson,70.3,88.3,83.8,73.2,75.4,84.4,79.23,Above Average
S0217,Ryan Nelson,60.6,69.9,77.3,57.6,68.0,63.5,66.15,Below Average
S0218,Priya Rivera,49.2,42.7,55.1,58.6,47.7,51.0,50.72,Below Average
S0219,Tina Murphy,75.3,68.1,63.3,59.2,85.2,71.8,70.48,Above Average
S0220,Henry Phillips,59.3,55.8,77.5,61.0,76.7,58.7,64.83,Below Average
S0221,Sam White,79.9,62.6,74.7,67.2,76.7,70.5,71.93,Above Average
S0222,Irene Turner,84.8,82.2,78.3,79.2,86.8,98.1,84.9,Above Average
S0223,Hannah Martin,67.4,58.6,76.0,80.5,77.6,79.6,73.28,Above Average
S0224,Irene Taylor,56.9,82.8,79.1,66.2,78.9,92.1,76.0,Above Average
S0225,Uma Clark,42.2,64.9,61.6,43.5,53.2,72.4,56.3,Below Average
S0226,Liam Scott,65.4,58.4,85.7,48.5,54.3,67.4,63.28,Below Average
S0227,Irene Morgan,93.7,98.8,97.2,94.5,96.4,100,96.77,Above Average
S0228,Priya Roberts,54.4,68.4,77.3,78.0,68.9,85.4,72.07,Above Average
S0229,Victor Taylor,58.5,69.7,68.6,66.5,75.7,67.5,67.75,Below Average
S0230,Nina Cox,59.8,58.8,58.6,68.1,62.1,67.1,62.42,Below Average
S0231,Isla Nelson,73.4,67.6,73.8,68.4,48.1,63.8,65.85,Below Average
S0232,Alice Thompson,83.2,80.1,93.9,91.7,87.4,97.9,89.03,Above Average
S0233,George Gray,79.2,85.3,90.5,92.6,83.4,82.6,85.6,Above Average
S0234,Jack Adams,66.3,55.5,57.7,71.5,56.7,68.2,62.65,Below Average
S0235,Ryan Cooper,79.7,74.3,57.5,81.4,78.1,72.9,73.98,Above Average
S0236,Kevin Wilson,76.7,71.2,56.9,67.0,71.6,73.1,69.42,Below Average
S0237,Hannah Baker,81.7,75.0,76.3,63.5,77.1,68.9,73.75,Above Average
S0238,Diana Phillips,84.5,79.3,80.6,64.1,64.5,85.1,76.35,Above Average
S0239,Will Harris,67.6,67.2,71.2,87.5,68.1,85.7,74.55,Above Average
S0240,Carol Clark,72.2,91.2,85.9,61.7,78.7,77.1,77.8,Above Average
S0241,Glen King,52.3,44.3,48.9,62.5,43.0,57.3,51.38,Below Average
S0242,Henry Anderson,97.6,89.3,100,100,96.5,78.1,93.58,Above Average
S0243,Tina Adams,56.1,50.4,62.1,65.2,72.4,62.0,61.37,Below Average
S0244,Vera Bell,100,100,86.1,100,99.1,97.1,97.05,Above Average
S0245,Noah Martinez,75.8,64.3,67.3,87.1,78.5,69.7,73.78,Above Average
S0246,Noah Bell,78.8,75.0,70.4,76.9,82.3,65.2,74.77,Above Average
S0247,Uma Phillips,50.5,54.4,63.5,64.7,66.6,58.6,59.72,Below Average
S0248,David Turner,97.6,76.7,91.5,76.1,73.6,86.1,83.6,Above Average
S0249,Ryan King,67.5,70.4,76.6,64.8,83.7,59.0,70.33,Above Average
S0250,Tina Cox,72.1,61.9,84.7,70.6,85.9,73.8,74.83,Above Average
S0251,Isla King,77.8,61.4,58.0,74.4,69.5,71.5,68.77,Below Average
S0252,Rachel King,59.3,54.7,67.9,60.6,65.2,51.5,59.87,Below Average
S0253,Julia Harris,50.1,38.0,65.4,66.7,49.8,51.9,53.65,Below Average
S0254,Xena Nelson,81.2,64.3,68.3,62.9,71.1,77.6,70.9,Above Average
S0255,Sam King,57.5,52.3,62.1,61.7,49.0,59.2,56.97,Below Average
S0256,Xena Richardson,51.5,58.7,52.9,56.1,62.5,43.9,54.27,Below Average
S0257,Bob Thompson,53.5,55.7,50.4,58.9,62.4,51.5,55.4,Below Average
S0258,Julia Collins,75.0,65.6,69.0,58.9,66.0,55.2,64.95,Below Average
S0259,Diana Taylor,63.4,77.2,78.5,77.6,86.2,90.8,78.95,Above Average
S0260,Hannah White,71.8,67.5,71.2,67.9,74.5,70.3,70.53,Above Average
S0261,Oscar Martin,80.1,80.0,86.9,88.8,82.5,94.4,85.45,Above Average
S0262,Ryan Carter,71.1,62.3,60.1,62.1,59.6,51.5,61.12,Below Average
S0263,Sam Smith,53.3,36.3,61.4,61.1,69.6,47.6,54.88,Below Average
S0264,Nina Perez,70.5,78.1,71.5,67.5,79.2,68.4,72.53,Above Average
S0265,Paul Rogers,86.8,81.5,65.2,83.2,64.2,81.3,77.03,Above Average
S0266,Julia Nelson,79.5,78.9,83.0,86.8,65.7,84.1,79.67,Above Average
S0267,Kevin Cox,94.3,100,94.3,100,90.0,91.3,94.98,Above Average
S0268,Sofia Gray,66.2,77.9,65.4,63.9,69.0,67.0,68.23,Below Average
S0269,Noah Campbell,97.4,93.7,69.1,82.6,95.5,71.5,84.97,Above Average
S0270,Sofia Torres,54.9,60.5,61.6,48.4,61.3,59.5,57.7,Below Average
S0271,Will Allen,87.0,88.0,77.9,86.5,64.4,73.2,79.5,Above Average
S0272,Rachel Bailey,93.8,84.1,72.8,99.5,73.5,89.5,85.53,Above Average
S0273,Frank Murphy,46.5,55.5,53.0,63.4,66.6,47.5,55.42,Below Average
S0274,Uma Young,58.0,57.8,54.6,64.4,56.8,61.6,58.87,Below Average
S0275,Liam Green,60.7,56.0,58.5,55.4,60.3,51.7,57.1,Below Average
S0276,Yara Johnson,63.8,73.5,80.7,74.6,84.2,53.4,71.7,Above Average
S0277,Karen Morris,70.2,64.3,76.0,75.1,70.5,59.1,69.2,Below Average
S0278,Eva Young,78.5,84.6,71.0,71.0,79.8,82.2,77.85,Above Average
S0279,Tina Johnson,80.0,71.7,72.3,78.8,88.6,88.6,80.0,Above Average
S0280,Mike Thomas,46.8,60.5,47.1,41.6,53.8,57.5,51.22,Below Average
S0281,Will Rogers,35.3,52.3,43.9,48.2,64.7,38.6,47.17,Below Average
S0282,Mia Campbell,97.9,92.8,93.1,91.0,90.1,73.9,89.8,Above Average
S0283,Noah Baker,64.3,92.8,85.2,82.0,67.2,83.0,79.08,Above Average
S0284,Quinn Stewart,84.6,86.7,73.6,85.9,71.2,73.7,79.28,Above Average
S0285,Ivan Mitchell,86.0,91.6,94.6,100,91.0,97.6,93.47,Above Average
S0286,Holly Lee,61.8,60.9,54.6,53.0,49.3,50.4,55.0,Below Average
S0287,Priya Morris,36.4,46.1,65.5,55.9,55.3,55.4,52.43,Below Average
S0288,Julia Campbell,89.4,86.4,85.3,97.9,86.3,80.5,87.63,Above Average
S0289,Jack Allen,85.6,80.7,100,98.7,93.5,84.9,90.57,Above Average
S0290,Victor Adams,63.1,51.5,58.9,63.9,59.4,52.3,58.18,Below Average
S0291,Eva Lewis,93.7,97.4,91.2,100,99.3,100,96.93,Above Average
S0292,Hannah Anderson,56.8,61.3,55.6,67.6,66.9,52.8,60.17,Below Average
S0293,Liam Edwards,58.7,64.1,48.9,57.3,68.0,70.9,61.32,Below Average
S0294,Rachel Bell,68.1,58.6,59.6,65.5,64.8,70.5,64.52,Below Average
S0295,Mia Adams,93.3,64.7,86.9,82.4,92.8,82.4,83.75,Above Average
S0296,Wendy Cox,70.9,77.0,69.1,63.0,85.0,70.5,72.58,Above Average
S0297,Sofia Thomas,74.0,74.3,73.8,73.6,74.7,60.0,71.73,Above Average
S0298,Bella Anderson,53.2,63.9,79.2,54.1,65.3,67.3,63.83,Below Average
S0299,Sam Thomas,95.1,69.2,69.9,89.7,78.1,83.5,80.92,Above Average
S0300,Julia Mitchell,78.4,76.4,70.5,83.8,78.6,84.8,78.75,Above Average
S0301,Kevin Smith,69.0,80.0,75.6,71.1,87.9,61.8,74.23,Above Average
S0302,Fiona Turner,53.3,63.0,62.6,73.7,73.7,63.1,64.9,Below Average
S0303,Xena White,64.2,74.5,81.1,71.8,61.2,73.1,70.98,Above Average
S0304,Carol Baker,95.2,100,100,100,100,100,99.2,Above Average
S0305,Noah Rivera,58.4,77.6,62.2,60.6,75.4,73.8,68.0,Below Average
S0306,Aaron Brown,41.6,46.3,46.5,47.8,57.1,49.7,48.17,Below Average
S0307,Kevin Robinson,83.0,97.7,77.2,94.6,95.8,83.4,88.62,Above Average
S0308,Rachel Howard,67.3,63.9,77.2,77.5,71.6,79.6,72.85,Above Average
S0309,Carl Morris,69.6,59.2,58.5,64.6,69.0,70.6,65.25,Below Average
S0310,Zane Mitchell,52.2,39.9,58.6,46.1,41.7,53.1,48.6,Below Average
S0311,Eli Murphy,72.1,86.2,73.1,70.0,60.3,77.3,73.17,Above Average
S0312,Bella Cooper,61.9,66.6,63.8,54.0,51.3,55.5,58.85,Below Average
S0313,Fiona Bailey,72.0,65.4,63.0,63.8,53.2,73.1,65.08,Below Average
S0314,Alice Green,92.3,100,96.5,97.2,98.7,100,97.45,Above Average
S0315,Rachel Lee,61.8,54.9,79.3,70.9,73.8,62.6,67.22,Below Average
S0316,Olivia Green,82.5,79.1,98.6,89.5,93.3,93.7,89.45,Above Average
S0317,Sofia Baker,91.2,100,68.7,86.7,92.5,97.6,89.45,Above Average
S0318,Vera Rivera,82.6,81.2,80.3,74.1,79.0,63.8,76.83,Above Average
S0319,Isla Collins,78.5,77.6,78.5,73.6,71.7,76.7,76.1,Above Average
S0320,Jack Peterson,45.0,61.8,57.5,52.7,66.2,63.3,57.75,Below Average
S0321,Laura Cook,62.7,47.3,53.0,48.4,52.3,38.8,50.42,Below Average
S0322,Mike Clark,68.9,54.6,73.4,57.1,63.6,75.8,65.57,Below Average
S0323,George Jackson,65.2,88.0,77.6,80.8,69.2,79.0,76.63,Above Average
S0324,Mike Martinez,59.5,77.3,99.8,79.7,91.9,92.9,83.52,Above Average
S0325,Kevin Scott,69.0,61.5,40.1,60.1,58.5,65.6,59.13,Below Average
S0326,Carol Gray,89.0,81.1,64.6,75.4,67.6,75.8,75.58,Above Average
S0327,Tom Wright,89.8,80.1,80.6,81.4,93.8,89.1,85.8,Above Average
S0328,Ivan Walker,84.1,100,99.0,82.4,100,97.9,93.9,Above Average
S0329,Vera Cox,78.6,76.2,70.8,70.6,70.9,66.7,72.3,Above Average
S0330,Liam Wilson,61.1,57.2,66.2,57.5,51.3,64.7,59.67,Below Average
S0331,Beth Cook,79.0,71.3,55.1,70.9,67.3,77.2,70.13,Above Average
S0332,Bella Robinson,59.4,64.7,76.7,63.9,56.1,65.9,64.45,Below Average
S0333,David Carter,72.9,84.2,88.1,86.0,69.2,86.4,81.13,Above Average
S0334,Alice White,85.9,84.1,92.4,87.2,89.5,82.7,86.97,Above Average
S0335,Demi White,41.1,46.4,38.5,43.3,54.3,45.7,44.88,Below Average
S0336,Eva Phillips,56.0,69.4,66.7,59.7,70.2,41.3,60.55,Below Average
S0337,Zane Martinez,78.0,90.2,82.4,96.8,93.8,84.7,87.65,Above Average
S0338,Zara Lewis,78.9,73.4,64.8,95.1,93.1,79.1,80.73,Above Average
S0339,Vera Torres,47.4,62.4,66.6,61.4,53.0,43.4,55.7,Below Average
S0340,Alice Hall,69.8,58.2,65.6,47.6,65.9,64.1,61.87,Below Average
S0341,Paul Scott,67.9,80.4,67.5,82.8,77.7,75.5,75.3,Above Average
S0342,Xander Adams,66.6,62.7,66.8,65.7,64.6,60.4,64.47,Below Average
S0343,Kevin Brown,51.8,44.1,49.8,37.9,56.8,39.6,46.67,Below Average
S0344,Uma Baker,52.9,56.5,57.4,66.7,49.4,51.0,55.65,Below Average
S0345,Karen Baker,61.7,39.9,55.4,61.8,66.6,59.6,57.5,Below Average
S0346,Karen Rivera,72.2,64.3,77.3,75.9,81.7,71.9,73.88,Above Average
S0347,Frank Reed,79.6,60.1,71.1,70.6,96.5,80.1,76.33,Above Average
S0348,Chris Turner,74.3,68.3,60.3,77.8,75.2,75.3,71.87,Above Average
S0349,Olivia Thomas,83.6,68.5,58.5,85.1,81.2,78.6,75.92,Above Average
S0350,Eva Jackson,76.7,64.7,81.6,82.2,73.1,63.3,73.6,Above Average
S0351,Carol Adams,100,86.2,100,90.0,98.1,91.2,94.25,Above Average
S0352,Holly Anderson,75.6,85.6,83.6,85.9,68.4,69.2,78.05,Above Average
S0353,Fiona Scott,76.0,88.8,86.3,72.1,87.7,83.9,82.47,Above Average
S0354,Aaron Roberts,70.0,40.1,64.8,55.9,54.5,60.8,57.68,Below Average
S0355,Holly Phillips,60.0,63.1,66.4,63.4,76.8,60.6,65.05,Below Average
S0356,Ethan Perez,61.3,76.2,68.4,72.6,68.0,73.8,70.05,Above Average
S0357,Ivan Cooper,64.4,78.7,57.7,56.8,66.6,62.7,64.48,Below Average
S0358,Demi Anderson,94.9,99.7,94.4,78.5,91.7,89.1,91.38,Above Average
S0359,Tom Allen,83.3,81.9,84.6,100,85.4,79.8,85.83,Above Average
S0360,Fiona White,77.4,75.6,74.4,82.1,90.4,72.6,78.75,Above Average
S0361,Mia Rivera,94.3,98.5,77.5,84.3,86.5,69.7,85.13,Above Average
S0362,Yusuf Wilson,67.2,45.1,65.6,56.2,65.6,55.3,59.17,Below Average
S0363,Grace Hall,74.0,80.6,86.2,75.2,50.3,67.0,72.22,Above Average
S0364,Julia Rogers,74.5,59.0,58.7,75.3,69.1,58.8,65.9,Below Average
S0365,Vera Rogers,74.7,82.4,70.1,55.9,63.0,71.3,69.57,Below Average
S0366,Liam Parker,50.5,69.8,47.9,49.2,64.0,62.3,57.28,Below Average
S0367,Victor Morgan,85.2,77.0,92.1,96.2,78.4,75.5,84.07,Above Average
S0368,Victor Baker,60.5,55.4,52.4,48.0,57.9,42.6,52.8,Below Average
S0369,David King,63.6,64.6,67.6,65.9,55.4,49.8,61.15,Below Average
S0370,Zara Howard,76.0,81.6,89.2,96.6,88.5,85.9,86.3,Above Average
S0371,Bob Walker,75.4,62.5,85.6,73.3,74.3,92.3,77.23,Above Average
S0372,Victor Parker,77.0,58.6,57.8,52.0,53.9,51.2,58.42,Below Average
S0373,Bella Taylor,84.5,90.3,80.8,65.0,76.1,70.8,77.92,Above Average
S0374,Tina Garcia,74.2,72.1,58.8,64.7,68.3,67.8,67.65,Below Average
S0375,Frank Clark,69.5,75.9,80.0,82.6,90.5,88.5,81.17,Above Average
S0376,Henry Lewis,72.0,61.2,75.0,66.2,65.1,63.9,67.23,Below Average
S0377,Xander Ward,69.8,74.6,68.7,65.0,81.5,62.1,70.28,Above Average
S0378,Tom Stewart,79.1,76.1,72.3,61.6,69.5,63.6,70.37,Above Average
S0379,David Richardson,67.3,72.8,58.3,70.5,56.9,61.5,64.55,Below Average
S0380,Zane Torres,83.4,80.4,73.4,77.9,61.5,72.2,74.8,Above Average
S0381,Jack Wilson,81.7,89.0,82.9,85.7,89.5,87.6,86.07,Above Average
S0382,Sofia Green,77.7,87.5,79.7,81.9,67.8,85.0,79.93,Above Average
S0383,Aaron Martinez,90.4,70.1,80.0,67.3,82.9,97.5,81.37,Above Average
S0384,Laura Perez,74.2,69.6,79.5,81.8,55.5,63.2,70.63,Above Average
S0385,Grace Gray,97.0,92.0,72.8,100,77.2,87.4,87.73,Above Average
S0386,Ethan White,93.2,96.6,80.5,81.3,82.9,94.1,88.1,Above Average
S0387,Faith Hall,68.2,64.4,71.6,65.6,75.8,72.5,69.68,Below Average
S0388,Carl Carter,69.7,52.6,67.7,61.0,57.9,74.6,63.92,Below Average
S0389,Yusuf Cooper,75.3,60.9,61.5,47.1,70.0,56.0,61.8,Below Average
S0390,Hannah Howard,77.7,81.5,80.4,76.8,77.6,71.7,77.62,Above Average
S0391,Yusuf Cox,55.0,64.1,71.1,57.5,59.2,59.1,61.0,Below Average
S0392,Xander Reed,75.2,80.1,65.0,74.6,83.5,67.2,74.27,Above Average
S0393,Paul Young,59.6,67.8,56.8,52.0,56.7,62.2,59.18,Below Average
S0394,Carl Rogers,65.7,65.1,79.0,68.9,65.1,58.6,67.07,Below Average
S0395,Olivia Collins,78.7,67.7,65.4,87.1,57.6,69.5,71.0,Above Average
S0396,Aaron Johnson,61.4,70.4,71.4,55.2,58.0,53.4,61.63,Below Average
S0397,Demi Allen,65.3,60.7,73.0,56.3,56.4,94.7,67.73,Below Average
S0398,Carl Richardson,66.0,82.3,68.9,69.9,76.4,76.0,73.25,Above Average
S0399,Rachel Edwards,73.3,56.6,51.2,64.6,63.4,61.7,61.8,Below Average
S0400,David Rivera,80.1,59.6,65.3,75.0,72.2,72.4,70.77,Above Average
S0401,Fiona Clark,79.6,69.6,72.6,68.5,61.2,76.0,71.25,Above Average
S0402,Olivia Morris,76.3,86.9,99.9,83.3,74.5,89.3,85.03,Above Average
S0403,Faith Turner,77.6,78.6,78.7,79.1,61.6,79.2,75.8,Above Average
S0404,Victor Collins,94.9,92.5,88.3,81.7,90.2,81.6,88.2,Above Average
S0405,Quinn Campbell,80.6,49.8,68.6,49.0,56.0,80.7,64.12,Below Average
S0406,George Wilson,88.2,77.1,82.1,85.4,85.5,79.4,82.95,Above Average
S0407,Mia Hall,64.5,66.3,54.0,53.8,70.5,60.6,61.62,Below Average
S0408,Oscar Anderson,57.3,60.9,53.1,60.0,59.9,48.0,56.53,Below Average
S0409,Karen Carter,63.0,82.4,82.8,68.9,80.2,75.8,75.52,Above Average
S0410,Ivan Jackson,69.8,52.7,82.6,63.7,70.7,71.9,68.57,Below Average
S0411,Alice Edwards,65.4,76.1,66.3,78.7,76.8,70.1,72.23,Above Average
S0412,Carol Lewis,84.5,73.3,66.5,74.9,65.0,81.1,74.22,Above Average
S0413,Isla Hall,85.7,85.9,81.1,98.1,77.8,91.6,86.7,Above Average
S0414,Isla Harris,72.0,62.4,76.8,79.7,71.7,71.2,72.3,Above Average
S0415,Faith Edwards,81.3,96.2,79.2,65.3,61.5,83.6,77.85,Above Average
S0416,Aiden Baker,66.9,81.2,69.7,75.0,70.5,63.6,71.15,Above Average
S0417,Tina Scott,52.7,61.3,73.5,72.5,74.1,72.8,67.82,Below Average
S0418,Henry Clark,86.6,86.2,85.4,88.8,82.9,93.4,87.22,Above Average
S0419,Mia Allen,62.7,78.2,71.4,74.0,87.1,68.8,73.7,Above Average
S0420,Ryan Lee,85.4,64.4,70.6,68.8,80.9,77.9,74.67,Above Average
S0421,Vera Cook,83.1,82.2,100,76.9,88.0,83.4,85.6,Above Average
S0422,Carol Cox,72.7,90.3,71.3,88.5,87.5,83.9,82.37,Above Average
S0423,Carol Johnson,73.1,86.2,89.2,72.3,86.8,85.1,82.12,Above Average
S0424,Beth Hall,71.6,75.7,74.5,66.8,56.6,78.6,70.63,Above Average
S0425,Aaron Scott,47.8,68.6,67.3,77.1,66.2,63.8,65.13,Below Average
S0426,Laura Nelson,86.4,71.1,85.8,89.6,81.3,84.0,83.03,Above Average
S0427,Sofia Ward,70.8,100,100,95.3,94.4,95.0,92.58,Above Average
S0428,Uma Johnson,71.3,63.1,75.8,64.2,54.4,65.9,65.78,Below Average
S0429,Ryan Howard,72.6,63.2,60.9,61.1,59.2,57.5,62.42,Below Average
S0430,Yara Davis,92.3,78.2,89.5,86.7,84.0,83.2,85.65,Above Average
S0431,Demi Nelson,73.5,94.8,90.7,87.7,100,91.9,89.77,Above Average
S0432,Priya King,69.8,78.0,60.7,78.3,59.7,79.7,71.03,Above Average
S0433,Chris Walker,88.7,80.2,79.3,73.6,87.7,85.8,82.55,Above Average
S0434,Mike Evans,61.1,59.2,61.2,67.6,65.0,74.0,64.68,Below Average
S0435,Beth Brown,67.3,74.7,93.3,71.1,73.9,75.7,76.0,Above Average
S0436,Ryan Martin,89.5,82.1,72.4,71.3,74.6,79.7,78.27,Above Average
S0437,Grace White,77.5,88.9,71.3,78.0,86.5,84.5,81.12,Above Average
S0438,Demi Wright,80.9,92.3,80.4,84.5,77.9,75.3,81.88,Above Average
S0439,Sofia Campbell,100,79.8,92.9,69.5,89.5,100,88.62,Above Average
S0440,Julia Gray,62.9,76.9,84.9,66.2,82.9,66.0,73.3,Above Average
S0441,Liam Cook,70.8,68.2,65.1,67.0,89.1,64.7,70.82,Above Average
S0442,Paul Robinson,74.2,84.4,76.1,94.0,87.1,88.3,84.02,Above Average
S0443,Faith Morgan,47.8,42.3,46.9,48.1,38.8,50.1,45.67,Below Average
S0444,Sofia Allen,83.8,78.0,74.7,59.0,84.4,89.1,78.17,Above Average
S0445,Oscar Walker,53.9,57.2,63.0,78.8,62.6,59.2,62.45,Below Average
S0446,Ivan Clark,55.4,43.6,53.2,49.7,47.5,51.2,50.1,Below Average
S0447,David Jackson,83.7,81.8,68.5,71.5,72.0,70.9,74.73,Above Average
S0448,Ivan White,58.5,70.9,55.1,56.1,58.8,61.9,60.22,Below Average
S0449,Priya Turner,67.2,64.6,49.2,60.1,58.7,54.9,59.12,Below Average
S0450,Zara Morris,76.5,89.8,86.5,80.9,70.3,70.9,79.15,Above Average
S0451,Eli Baker,69.3,81.5,73.6,85.1,74.7,73.7,76.32,Above Average
S0452,Chris Anderson,62.6,59.1,72.1,56.4,61.1,61.0,62.05,Below Average
S0453,Rachel Turner,76.1,71.8,70.7,52.9,75.3,89.2,72.67,Above Average
S0454,Oscar Evans,82.6,73.2,81.4,69.1,90.1,84.4,80.13,Above Average
S0455,Liam Perez,88.9,76.4,90.0,89.7,88.0,86.6,86.6,Above Average
S0456,Xander Clark,85.1,95.6,56.0,77.4,92.6,62.3,78.17,Above Average
S0457,Alice Wilson,58.1,74.8,59.4,51.0,51.7,62.7,59.62,Below Average
S0458,Holly Bailey,69.8,59.7,56.1,60.7,75.0,54.5,62.63,Below Average
S0459,Xander Mitchell,68.0,92.7,80.9,79.6,85.2,80.8,81.2,Above Average
S0460,Yusuf Roberts,58.7,67.4,72.4,80.6,72.5,81.5,72.18,Above Average
S0461,Carl Kim,92.7,87.7,69.1,64.7,84.0,89.2,81.23,Above Average
S0462,Bob Adams,79.5,77.8,84.5,82.2,80.0,83.1,81.18,Above Average
S0463,Beth Martin,78.1,74.6,84.9,79.2,89.7,83.0,81.58,Above Average
S0464,Vera Evans,85.1,78.0,87.8,77.3,67.0,80.3,79.25,Above Average
S0465,Sam Bailey,55.5,62.0,83.5,54.6,75.7,70.2,66.92,Below Average
S0466,Will Wright,77.9,58.4,70.2,84.2,68.4,89.3,74.73,Above Average
S0467,Vera Collins,65.5,41.9,48.2,52.1,52.1,43.4,50.53,Below Average
S0468,James Lee,59.0,76.0,69.5,59.3,53.7,69.5,64.5,Below Average
S0469,George Davis,81.3,79.2,72.0,82.5,89.5,85.9,81.73,Above Average
S0470,Diana Collins,46.9,51.2,56.6,54.7,51.8,44.1,50.88,Below Average
S0471,Victor Allen,92.6,93.1,90.7,89.8,80.0,73.6,86.63,Above Average
S0472,Tina Rogers,68.1,71.9,72.5,82.3,76.4,77.4,74.77,Above Average
S0473,Olivia Reed,62.6,73.5,67.6,69.4,54.9,63.8,65.3,Below Average
S0474,Tina Carter,69.9,73.0,62.6,65.1,77.4,71.2,69.87,Below Average
S0475,Quinn Cook,73.5,77.0,76.3,73.6,75.5,68.5,74.07,Above Average
S0476,Laura Harris,74.4,60.4,37.9,58.1,52.4,68.4,58.6,Below Average
S0477,Xander Wright,89.0,74.7,68.8,66.1,77.5,67.9,74.0,Above Average
S0478,Ryan Garcia,88.9,68.7,76.9,77.4,71.9,79.8,77.27,Above Average
S0479,Liam Phillips,85.0,100,86.1,81.2,89.5,90.5,88.72,Above Average
S0480,Eva Thompson,84.0,87.3,90.3,100,79.8,92.5,88.98,Above Average
S0481,Diana Ward,100,92.4,100,83.1,96.0,100,95.25,Above Average
S0482,Ivan Phillips,69.3,74.3,56.2,72.6,68.9,55.6,66.15,Below Average
S0483,Yara Peterson,82.1,77.1,67.4,78.5,58.0,90.6,75.62,Above Average
S0484,Chris Taylor,74.2,82.6,72.2,77.5,79.0,82.1,77.93,Above Average
S0485,Beth Wilson,58.4,63.5,68.9,61.3,57.3,55.7,60.85,Below Average
S0486,Aiden Smith,62.8,66.8,59.0,60.3,45.9,61.3,59.35,Below Average
S0487,Karen Thompson,80.3,67.3,96.6,74.1,72.3,82.7,78.88,Above Average
S0488,Eli Nelson,57.2,63.2,38.5,41.5,52.1,45.4,49.65,Below Average
S0489,Ryan Mitchell,83.0,65.4,77.6,65.4,67.1,67.4,70.98,Above Average
S0490,George Morris,71.8,78.0,83.3,81.0,74.1,74.3,77.08,Above Average
S0491,Zara Roberts,65.9,61.8,66.5,54.1,56.9,77.0,63.7,Below Average
S0492,Priya Green,51.9,58.4,69.0,62.2,61.4,73.8,62.78,Below Average
S0493,Zara Murphy,67.5,59.5,46.7,59.1,56.8,66.3,59.32,Below Average
S0494,Olivia Peterson,86.3,77.1,88.0,76.5,86.9,93.8,84.77,Above Average
S0495,Zara Johnson,64.8,78.4,67.2,64.0,60.3,63.7,66.4,Below Average
S0496,Priya Campbell,76.9,93.0,70.5,80.8,75.4,89.2,80.97,Above Average
S0497,Xena Harris,61.3,46.4,54.9,48.3,52.0,51.5,52.4,Below Average
S0498,Uma Wright,80.9,66.7,75.2,71.2,70.6,86.4,75.17,Above Average
S0499,Karen Kim,82.6,69.4,83.3,70.6,62.8,85.7,75.73,Above Average
S0500,Alice Rivera,100,100,100,94.2,100,100,99.03,Above Average
S0501,Frank Parker,85.3,94.5,82.4,71.0,81.8,67.7,80.45,Above Average
S0502,Beth Anderson,49.9,48.7,58.8,66.5,57.5,49.2,55.1,Below Average
S0503,Carol Bailey,54.6,60.8,65.1,66.0,61.6,65.0,62.18,Below Average
S0504,Rachel Murphy,62.4,79.0,67.6,75.0,84.4,73.2,73.6,Above Average
S0505,Julia Clark,59.6,63.3,66.0,72.0,64.5,78.3,67.28,Below Average
S0506,Zane Phillips,73.9,69.1,58.7,68.6,61.7,68.8,66.8,Below Average
S0507,Henry Rivera,62.3,49.0,59.4,62.8,71.4,56.2,60.18,Below Average
S0508,Paul Bell,74.2,93.3,74.5,66.1,87.6,74.6,78.38,Above Average
S0509,Quinn Martinez,65.8,58.6,68.6,58.9,48.5,50.4,58.47,Below Average
S0510,Tom Richardson,83.3,90.4,73.1,91.7,78.3,92.4,84.87,Above Average
S0511,Liam Nelson,73.9,64.2,66.4,68.3,50.3,73.5,66.1,Below Average
S0512,Paul Morgan,90.6,96.5,92.2,100,94.1,83.8,92.87,Above Average
S0513,Yusuf Kim,77.8,84.5,73.0,91.3,76.2,90.5,82.22,Above Average
S0514,Xander Evans,59.1,81.6,73.6,58.8,65.1,70.9,68.18,Below Average
S0515,Xena Peterson,59.4,59.9,55.8,51.7,58.6,61.9,57.88,Below Average
S0516,Wendy Wright,79.7,60.2,67.0,71.9,63.9,70.1,68.8,Below Average
S0517,Alice Johnson,59.7,72.7,71.1,69.9,62.7,66.1,67.03,Below Average
S0518,Nina Hall,75.2,88.5,84.5,93.5,70.6,92.8,84.18,Above Average
S0519,Rachel Baker,78.6,69.6,72.1,79.9,78.4,75.5,75.68,Above Average
S0520,Yara Jackson,97.0,100,93.3,96.4,88.9,93.1,94.78,Above Average
S0521,Glen Cox,54.7,58.2,70.4,61.8,77.7,65.4,64.7,Below Average
S0522,Karen Brown,74.9,79.6,75.5,70.6,73.4,67.4,73.57,Above Average
S0523,Xander Turner,46.4,46.9,58.4,44.4,61.3,43.3,50.12,Below Average
S0524,Priya Collins,40.7,57.0,60.8,69.2,48.5,61.4,56.27,Below Average
S0525,Chris Ward,91.8,67.1,91.1,94.3,78.2,94.1,86.1,Above Average
S0526,Nina Phillips,52.1,76.4,73.0,70.1,62.0,77.3,68.48,Below Average
S0527,Uma Robinson,57.6,73.1,53.5,74.8,57.5,53.8,61.72,Below Average
S0528,Karen Anderson,72.8,67.0,70.9,76.3,69.8,57.0,68.97,Below Average
S0529,Noah Taylor,69.9,76.1,64.2,80.7,72.3,41.4,67.43,Below Average
S0530,Grace Thompson,63.5,63.7,73.2,62.7,67.7,79.0,68.3,Below Average
S0531,Chris Edwards,89.3,83.3,84.2,71.2,96.2,88.2,85.4,Above Average
S0532,Eli Roberts,71.1,57.8,74.7,76.5,51.5,59.2,65.13,Below Average
S0533,Will Edwards,75.2,74.9,73.6,88.9,76.2,81.7,78.42,Above Average
S0534,Tina Young,73.2,79.6,86.9,77.8,77.4,72.8,77.95,Above Average
S0535,Sam Nelson,51.5,40.7,54.8,50.0,67.1,57.3,53.57,Below Average
S0536,Julia Young,62.8,71.9,51.0,58.9,54.0,45.3,57.32,Below Average
S0537,Carl King,76.1,66.1,66.1,76.3,62.4,70.7,69.62,Below Average
S0538,Priya Morgan,56.8,61.8,64.2,65.8,65.6,66.0,63.37,Below Average
S0539,Diana Evans,57.8,47.2,54.5,66.4,71.5,75.4,62.13,Below Average
S0540,Sam Robinson,82.5,82.5,79.9,76.6,82.0,77.0,80.08,Above Average
S0541,Aiden Lewis,66.0,66.6,84.1,78.3,75.8,75.2,74.33,Above Average
S0542,Liam Jackson,70.1,61.6,64.3,66.1,77.8,63.2,67.18,Below Average
S0543,Yara Murphy,80.0,86.3,80.7,80.6,77.4,78.2,80.53,Above Average
S0544,Yara Morris,83.1,60.4,71.9,75.8,64.6,54.8,68.43,Below Average
S0545,Henry Thompson,62.8,60.3,64.0,51.2,43.3,62.7,57.38,Below Average
S0546,Alice Taylor,87.7,74.6,80.0,88.4,95.1,82.7,84.75,Above Average
S0547,Tom Nelson,65.1,70.2,63.4,57.2,69.4,58.2,63.92,Below Average
S0548,Xena Edwards,100,100,100,100,100,100,100.0,Above Average
S0549,Uma Turner,63.8,79.8,68.8,81.1,88.3,74.1,75.98,Above Average
S0550,Glen White,68.5,77.8,73.6,88.9,78.9,81.8,78.25,Above Average
S0551,Wendy Walker,64.6,79.6,55.5,68.1,69.9,74.7,68.73,Below Average
S0552,Quinn Roberts,80.1,80.5,75.3,74.4,80.9,81.7,78.82,Above Average
S0553,Demi Young,67.6,71.3,61.9,65.8,71.5,64.2,67.05,Below Average
S0554,Julia Davis,64.5,65.3,67.4,66.9,66.9,69.4,66.73,Below Average
S0555,Carl Thomas,75.1,77.4,76.6,84.5,75.6,66.2,75.9,Above Average
S0556,Nina Rogers,78.8,79.6,83.3,93.5,98.9,82.4,86.08,Above Average
S0557,Priya Carter,85.8,81.2,94.7,83.9,100,100,90.93,Above Average
S0558,Zara Reed,68.2,61.8,45.0,55.5,59.5,55.1,57.52,Below Average
S0559,Noah Perez,95.2,82.7,86.8,81.8,86.8,84.3,86.27,Above Average
S0560,Will Turner,63.4,68.6,61.8,60.9,55.2,69.7,63.27,Below Average
S0561,Faith Kim,80.2,69.9,80.0,91.5,99.9,68.8,81.72,Above Average
S0562,Xander Scott,76.7,67.5,74.3,65.1,70.8,73.8,71.37,Above Average
S0563,Yusuf Turner,77.5,88.7,78.1,69.9,88.0,90.9,82.18,Above Average
S0564,Hannah Thomas,77.0,70.0,68.5,75.7,71.3,69.0,71.92,Above Average
S0565,Beth Rogers,67.7,73.4,83.1,80.6,82.3,79.3,77.73,Above Average
S0566,Quinn Young,78.4,69.8,73.5,80.5,64.3,69.3,72.63,Above Average
S0567,Noah Cook,84.7,72.2,82.4,91.4,74.0,82.9,81.27,Above Average
S0568,Priya Lewis,81.3,70.5,56.9,76.6,73.5,63.7,70.42,Above Average
S0569,Faith Cooper,54.0,56.6,56.1,46.4,31.1,56.9,50.18,Below Average
S0570,Oscar King,73.8,67.9,60.3,74.0,58.9,75.6,68.42,Below Average
S0571,Zane Baker,61.8,79.5,76.8,73.3,67.9,67.6,71.15,Above Average
S0572,Will Brown,77.7,81.8,76.8,88.8,79.3,70.9,79.22,Above Average
S0573,Ethan Turner,83.5,66.6,71.4,85.6,75.7,76.2,76.5,Above Average
S0574,Bella Walker,77.3,71.8,87.7,86.8,78.0,85.3,81.15,Above Average
S0575,Wendy Parker,49.1,64.1,67.0,66.8,47.5,54.3,58.13,Below Average
S0576,Irene Cooper,64.2,75.1,70.2,73.7,74.2,69.7,71.18,Above Average
S0577,Paul Evans,86.5,94.2,92.5,92.3,90.0,92.0,91.25,Above Average
S0578,Noah Morgan,67.5,71.5,66.7,71.9,59.9,74.2,68.62,Below Average
S0579,Jack Rogers,69.8,61.0,65.4,76.0,72.6,68.3,68.85,Below Average
S0580,Nina Robinson,100,96.5,100,93.1,90.6,100,96.7,Above Average
S0581,Ryan Young,72.4,81.3,65.0,74.5,81.3,77.2,75.28,Above Average
S0582,Eli Parker,66.2,70.2,62.3,71.2,72.7,70.5,68.85,Below Average
S0583,Paul Gray,60.0,57.7,64.3,57.1,67.5,57.2,60.63,Below Average
S0584,George Robinson,70.0,55.4,77.9,54.1,66.5,64.0,64.65,Below Average
S0585,Julia Robinson,80.9,70.3,76.4,72.5,64.1,66.6,71.8,Above Average
S0586,Sofia Martin,41.0,55.3,43.9,53.2,43.2,44.7,46.88,Below Average
S0587,Priya Thomas,50.2,57.4,60.3,49.6,40.2,63.2,53.48,Below Average
S0588,Holly Murphy,76.5,79.9,71.2,61.7,46.9,58.3,65.75,Below Average
S0589,Uma Richardson,77.2,87.7,69.7,79.0,90.3,68.6,78.75,Above Average
S0590,Glen Edwards,87.6,79.2,82.5,78.1,87.2,94.2,84.8,Above Average
S0591,Nina Evans,80.7,71.1,76.1,67.5,63.4,66.9,70.95,Above Average
S0592,George Cox,49.4,51.6,48.4,70.5,55.0,59.6,55.75,Below Average
S0593,Mia Martin,94.7,98.3,92.6,80.7,98.8,100,94.18,Above Average
S0594,Eva Anderson,91.4,60.2,76.7,63.6,66.5,78.4,72.8,Above Average
S0595,Paul Green,70.4,68.4,61.3,64.9,79.3,68.6,68.82,Below Average
S0596,Hannah Collins,65.9,46.0,47.2,54.8,57.0,53.8,54.12,Below Average
S0597,Paul Perez,33.1,46.2,40.4,40.5,18.1,41.7,36.67,Below Average
S0598,Faith Lewis,85.0,77.5,87.3,89.8,94.7,78.0,85.38,Above Average
S0599,Glen Davis,57.8,63.1,60.2,59.7,64.8,63.1,61.45,Below Average
S0600,Zane Scott,61.9,64.3,46.4,67.6,75.8,52.6,61.43,Below Average
S0601,Frank Thompson,74.6,63.1,59.6,63.8,60.7,61.1,63.82,Below Average
S0602,Uma King,52.5,34.1,52.0,52.6,53.3,54.9,49.9,Below Average
S0603,Karen Peterson,73.5,62.7,56.0,68.0,70.4,66.1,66.12,Below Average
S0604,Vera Murphy,81.7,73.7,82.5,90.8,75.9,75.1,79.95,Above Average
S0605,Xena Thompson,86.8,71.5,86.2,78.8,80.2,88.5,82.0,Above Average
S0606,Diana Scott,79.1,93.1,100,89.9,87.3,100,91.57,Above Average
S0607,Beth Cooper,79.0,81.0,76.5,75.3,75.6,64.4,75.3,Above Average
S0608,Victor Peterson,67.6,66.3,69.1,64.1,61.8,75.8,67.45,Below Average
S0609,Tom Parker,53.6,71.2,55.3,56.8,59.8,59.0,59.28,Below Average
S0610,Beth Martinez,62.3,46.1,69.8,65.1,72.9,72.5,64.78,Below Average
S0611,Victor Perez,67.8,65.6,67.6,44.9,55.3,61.6,60.47,Below Average
S0612,Mike Gray,74.0,58.9,57.1,77.9,70.4,81.5,69.97,Below Average
S0613,Nina Allen,82.0,73.9,87.1,72.3,87.1,91.2,82.27,Above Average
S0614,Oscar Bailey,77.6,76.7,75.3,37.9,60.0,69.9,66.23,Below Average
S0615,Julia Rivera,69.9,72.8,77.0,72.5,64.2,63.8,70.03,Above Average
S0616,Sofia Hall,64.6,82.3,70.1,70.3,74.8,78.0,73.35,Above Average
S0617,Victor Gray,43.8,62.9,48.5,48.3,60.8,67.2,55.25,Below Average
S0618,Zara Cooper,51.4,69.4,66.1,56.9,61.6,55.8,60.2,Below Average
S0619,Ivan Smith,88.5,81.9,60.8,63.9,93.6,76.3,77.5,Above Average
S0620,Yara Edwards,70.3,73.9,70.9,71.8,85.3,84.3,76.08,Above Average
S0621,Tina Reed,74.0,83.4,87.2,89.4,78.5,87.1,83.27,Above Average
S0622,Hannah Lewis,66.6,70.0,68.3,64.3,71.0,68.3,68.08,Below Average
S0623,Aaron Nelson,75.1,72.8,85.5,82.6,72.8,71.3,76.68,Above Average
S0624,Grace Cooper,99.8,89.1,95.6,89.9,97.9,92.0,94.05,Above Average
S0625,Eli Perez,84.3,94.7,84.0,84.7,74.5,82.6,84.13,Above Average
S0626,Yusuf Stewart,68.4,66.7,69.0,57.0,69.7,73.6,67.4,Below Average
S0627,Yusuf Baker,61.8,69.6,70.7,77.3,64.8,75.5,69.95,Below Average
S0628,Rachel Davis,94.5,76.0,76.6,78.8,74.6,96.6,82.85,Above Average
S0629,Ivan Baker,75.4,76.9,73.3,72.2,77.0,65.0,73.3,Above Average
S0630,Glen Campbell,75.4,74.9,76.7,86.3,81.1,88.4,80.47,Above Average
S0631,Xena Stewart,70.8,85.8,67.4,70.5,72.3,77.8,74.1,Above Average
S0632,Grace Adams,50.1,65.1,55.3,45.4,58.6,53.0,54.58,Below Average
S0633,Glen Evans,79.0,78.7,87.7,63.7,85.3,67.2,76.93,Above Average
S0634,Eva Nelson,91.3,90.3,88.1,79.0,78.3,92.9,86.65,Above Average
S0635,George Kim,63.3,64.2,62.6,62.4,59.2,45.9,59.6,Below Average
S0636,Paul Turner,80.9,83.6,80.9,78.1,73.0,67.9,77.4,Above Average
S0637,Bella Phillips,65.7,76.5,87.2,91.8,84.2,67.2,78.77,Above Average
S0638,Laura Parker,55.9,68.1,67.9,61.3,68.7,64.9,64.47,Below Average
S0639,Grace Morris,67.4,73.3,86.5,78.2,77.1,86.9,78.23,Above Average
S0640,Oscar Rivera,53.6,49.1,54.9,57.1,41.0,55.8,51.92,Below Average
S0641,Mia Harris,61.3,51.6,60.1,61.2,85.7,46.8,61.12,Below Average
S0642,Wendy Lee,76.1,80.2,70.1,84.6,87.3,83.3,80.27,Above Average
S0643,Glen Turner,72.4,51.8,64.3,77.5,76.6,80.8,70.57,Above Average
S0644,Laura Wright,65.6,65.5,67.4,79.2,75.7,79.3,72.12,Above Average
S0645,Isla Jackson,45.0,45.0,56.7,46.4,66.1,51.1,51.72,Below Average
S0646,Priya Smith,83.6,86.4,61.4,55.1,76.2,76.6,73.22,Above Average
S0647,Eli Adams,78.9,96.6,81.8,78.5,88.9,89.9,85.77,Above Average
S0648,Olivia Anderson,60.4,61.7,48.3,61.5,59.8,55.1,57.8,Below Average
S0649,Irene Roberts,68.3,78.2,71.4,62.1,77.0,72.4,71.57,Above Average
S0650,Hannah Cox,84.7,69.4,67.7,71.5,73.5,68.6,72.57,Above Average
S0651,Ethan Edwards,50.1,80.4,75.7,72.5,63.8,77.3,69.97,Below Average
S0652,Yusuf Johnson,66.2,77.4,62.8,78.1,57.7,85.3,71.25,Above Average
S0653,Aaron Clark,73.3,83.0,65.0,69.7,61.0,79.6,71.93,Above Average
S0654,Karen Phillips,100,84.9,81.2,66.7,76.4,80.3,81.58,Above Average
S0655,George Martinez,72.6,82.1,82.6,78.6,76.7,81.5,79.02,Above Average
S0656,Laura Morgan,81.9,83.9,79.0,71.0,74.0,68.0,76.3,Above Average
S0657,Aaron Perez,73.5,83.0,81.4,83.4,77.2,53.7,75.37,Above Average
S0658,Yusuf King,73.6,81.6,69.4,68.8,72.2,65.6,71.87,Above Average
S0659,Priya Thompson,68.2,76.2,79.2,68.0,84.8,72.4,74.8,Above Average
S0660,Ethan Thompson,67.1,70.0,75.5,58.6,45.8,61.0,63.0,Below Average
S0661,Hannah Morris,76.2,69.9,75.8,83.4,68.1,73.5,74.48,Above Average
S0662,Rachel Robinson,66.2,58.4,56.5,59.7,61.5,58.9,60.2,Below Average
S0663,Yusuf Jackson,52.6,61.0,53.8,55.1,54.2,61.6,56.38,Below Average
S0664,Hannah Kim,74.2,70.3,76.2,71.1,88.0,79.5,76.55,Above Average
S0665,David Parker,46.7,70.2,55.9,58.3,55.5,62.0,58.1,Below Average
S0666,Ryan Bell,75.4,61.0,83.7,63.5,65.0,61.3,68.32,Below Average
S0667,Diana Stewart,83.3,93.5,84.8,72.3,95.4,88.6,86.32,Above Average
S0668,Karen Murphy,73.9,67.7,56.1,66.3,80.0,68.8,68.8,Below Average
S0669,Fiona Gray,83.3,73.3,72.6,67.4,73.5,72.8,73.82,Above Average
S0670,Chris Reed,68.1,70.4,79.9,73.8,68.5,66.7,71.23,Above Average
S0671,Fiona Davis,71.4,79.5,73.6,75.9,77.5,71.2,74.85,Above Average
S0672,Uma Murphy,64.1,73.2,80.4,61.1,74.9,62.9,69.43,Below Average
S0673,Alice King,89.0,82.9,94.4,100,90.2,89.9,91.07,Above Average
S0674,Oscar Collins,69.3,66.3,64.1,60.2,47.7,64.4,62.0,Below Average
S0675,Priya Jackson,75.5,69.6,77.0,67.8,57.5,68.4,69.3,Below Average
S0676,Frank Ward,55.0,54.1,67.1,67.8,61.7,53.2,59.82,Below Average
S0677,Fiona King,89.7,82.3,95.1,90.2,78.3,88.0,87.27,Above Average
S0678,David Hall,72.5,69.6,82.6,81.7,67.5,64.2,73.02,Above Average
S0679,Sofia Howard,73.6,60.8,68.1,81.1,77.8,71.7,72.18,Above Average
S0680,Holly Evans,72.8,64.4,64.2,64.4,67.4,63.0,66.03,Below Average
S0681,Zara Kim,66.3,52.5,56.9,72.3,70.7,66.7,64.23,Below Average
S0682,Aaron Jackson,50.9,70.5,75.9,62.6,54.1,83.4,66.23,Below Average
S0683,Kevin Roberts,98.4,90.5,73.7,80.8,82.9,90.1,86.07,Above Average
S0684,Aiden Taylor,73.2,67.0,59.7,83.4,80.1,77.5,73.48,Above Average
S0685,Demi Edwards,47.2,65.4,57.1,61.2,56.4,66.0,58.88,Below Average
S0686,Faith Clark,68.7,88.6,83.0,69.1,84.4,92.3,81.02,Above Average
S0687,Aiden Garcia,83.1,92.1,88.4,67.6,87.3,77.5,82.67,Above Average
S0688,Wendy Scott,62.8,57.1,64.2,63.6,63.2,61.3,62.03,Below Average
S0689,Xena Roberts,58.2,54.8,54.7,62.3,59.9,67.7,59.6,Below Average
S0690,Holly Nelson,85.9,90.7,93.0,89.4,87.0,94.8,90.13,Above Average
S0691,Quinn Hall,42.0,49.7,54.4,62.7,56.5,54.3,53.27,Below Average
S0692,Eva Torres,75.2,83.1,67.1,70.4,74.1,57.3,71.2,Above Average
S0693,Olivia Murphy,82.3,79.3,86.9,83.9,94.7,88.1,85.87,Above Average
S0694,David Ward,74.0,81.3,75.2,75.9,72.9,85.4,77.45,Above Average
S0695,Mia Edwards,70.9,65.0,67.8,60.1,63.3,72.9,66.67,Below Average
S0696,Xena Hall,81.9,87.2,88.5,92.5,97.3,75.6,87.17,Above Average
S0697,Kevin Turner,72.4,80.9,67.9,85.8,74.8,78.5,76.72,Above Average
S0698,Vera Green,63.2,57.7,58.8,73.0,72.0,57.0,63.62,Below Average
S0699,Kevin Torres,98.7,100,100,98.2,95.9,89.0,96.97,Above Average
S0700,Aaron Rogers,73.1,61.4,69.9,79.5,82.3,70.3,72.75,Above Average
S0701,Isla Allen,78.2,74.8,72.0,62.9,78.8,75.4,73.68,Above Average
S0702,Diana Murphy,64.5,66.0,62.9,71.4,47.8,47.6,60.03,Below Average
S0703,Alice Howard,58.1,60.2,54.6,59.9,76.6,60.2,61.6,Below Average
S0704,Kevin Bailey,59.6,68.1,51.1,51.4,65.1,52.4,57.95,Below Average
S0705,Holly Morris,71.4,62.8,75.4,76.8,71.4,62.0,69.97,Below Average
S0706,Julia Reed,57.6,52.6,51.9,65.5,49.2,46.4,53.87,Below Average
S0707,Xena Campbell,75.9,85.2,71.4,77.6,100,76.5,81.1,Above Average
S0708,David Martinez,65.6,78.0,56.7,71.6,62.0,73.6,67.92,Below Average
S0709,Beth Roberts,77.4,74.5,91.4,74.9,61.9,86.5,77.77,Above Average
S0710,Faith Adams,73.6,71.0,75.5,85.0,71.1,69.0,74.2,Above Average
S0711,Henry Rogers,79.8,81.7,95.0,84.3,77.3,68.5,81.1,Above Average
S0712,Ethan Allen,35.2,53.0,51.8,47.4,60.9,48.7,49.5,Below Average
S0713,Carl Perez,57.9,58.1,74.0,59.5,73.9,59.4,63.8,Below Average
S0714,Tina Phillips,59.8,60.6,53.2,55.7,29.1,52.3,51.78,Below Average
S0715,David Davis,71.0,73.1,79.7,62.5,57.6,79.1,70.5,Above Average
S0716,Paul Wilson,74.9,69.9,72.5,72.6,72.3,77.6,73.3,Above Average
S0717,Uma Allen,86.8,89.6,78.3,81.1,81.1,92.3,84.87,Above Average
S0718,James Adams,67.6,61.3,73.3,61.5,51.8,62.8,63.05,Below Average
S0719,James Bell,86.3,93.8,95.8,94.8,82.8,82.7,89.37,Above Average
S0720,Isla Morris,47.4,51.8,41.4,62.8,50.6,55.1,51.52,Below Average
S0721,Olivia Bailey,78.4,90.8,82.3,69.7,84.9,89.1,82.53,Above Average
S0722,Mia Carter,75.0,89.4,95.9,73.4,76.6,83.0,82.22,Above Average
S0723,Demi Green,69.7,62.5,71.4,80.2,61.8,75.1,70.12,Above Average
S0724,Chris Morgan,96.5,81.5,78.6,96.2,90.4,80.6,87.3,Above Average
S0725,Glen Scott,90.4,86.9,85.0,66.3,84.8,85.2,83.1,Above Average
S0726,Laura Bell,71.0,72.3,67.5,66.7,75.7,79.6,72.13,Above Average
S0727,Kevin Bell,76.2,82.2,73.1,64.0,79.8,75.5,75.13,Above Average
S0728,Will Adams,89.3,100,90.9,92.6,79.9,78.3,88.5,Above Average
S0729,Henry Collins,61.3,74.5,82.8,65.8,65.5,67.9,69.63,Below Average
S0730,Eva Parker,57.8,47.5,43.3,51.6,51.8,51.5,50.58,Below Average
S0731,Tom Cooper,89.1,68.8,75.5,84.0,84.9,75.6,79.65,Above Average
S0732,Rachel Young,78.9,100,90.2,99.5,75.9,90.8,89.22,Above Average
S0733,Yusuf Edwards,77.4,74.3,64.2,84.6,63.4,71.5,72.57,Above Average
S0734,Sofia Rogers,61.3,59.4,49.6,55.5,72.3,63.5,60.27,Below Average
S0735,Xander Murphy,61.8,64.3,59.1,64.3,65.8,67.5,63.8,Below Average
S0736,Demi Roberts,92.8,83.6,98.4,87.8,99.1,93.7,92.57,Above Average
S0737,Isla Gray,83.8,81.5,79.0,60.9,91.5,62.1,76.47,Above Average
S0738,Liam Reed,62.9,79.8,70.5,70.2,63.2,55.9,67.08,Below Average
S0739,Tina Thomas,100,68.4,86.6,81.6,81.4,72.0,81.67,Above Average
S0740,Mia Kim,84.8,75.7,65.8,68.3,75.3,72.0,73.65,Above Average
S0741,Tina Stewart,77.6,85.1,85.0,72.8,74.6,76.5,78.6,Above Average
S0742,Jack Cox,69.3,63.0,62.9,65.9,78.0,58.4,66.25,Below Average
S0743,Nina Garcia,67.4,73.2,55.2,55.0,65.2,72.3,64.72,Below Average
S0744,Alice Cook,74.9,73.6,57.8,70.0,63.2,78.3,69.63,Below Average
S0745,Chris Morris,78.0,74.5,85.5,80.6,84.9,96.9,83.4,Above Average
S0746,Henry Perez,100,100,91.7,84.8,100,96.4,95.48,Above Average
S0747,Sam Adams,59.5,72.2,62.3,57.4,61.4,66.8,63.27,Below Average
S0748,Ethan Morris,65.0,66.8,60.4,55.3,58.1,71.8,62.9,Below Average
S0749,Sofia Lee,86.3,73.3,60.1,79.9,63.9,84.5,74.67,Above Average
S0750,Mia Parker,86.5,75.2,82.9,90.3,68.3,82.0,80.87,Above Average
S0751,Laura Robinson,58.5,79.9,70.2,63.1,55.9,82.4,68.33,Below Average
S0752,Jack Murphy,67.0,72.0,65.1,71.3,72.7,70.2,69.72,Below Average
S0753,Carl Martinez,69.2,73.9,79.0,66.0,75.2,59.5,70.47,Above Average
S0754,Hannah Murphy,48.9,58.3,55.3,66.9,47.8,57.5,55.78,Below Average
S0755,Aaron Howard,69.4,72.0,45.4,72.7,67.1,54.9,63.58,Below Average
S0756,Carol White,84.5,89.8,82.3,62.9,83.6,86.5,81.6,Above Average
S0757,Yara Carter,63.0,63.2,74.0,64.6,71.2,69.1,67.52,Below Average
S0758,David Wright,68.4,80.0,60.7,77.7,70.0,62.8,69.93,Below Average
S0759,David Smith,64.4,57.0,77.5,54.9,59.8,61.2,62.47,Below Average
S0760,Wendy Brown,60.5,58.6,57.3,55.1,66.2,62.1,59.97,Below Average
S0761,Tina Wilson,72.1,66.7,78.6,77.5,62.9,75.9,72.28,Above Average
S0762,Laura Smith,74.3,65.8,58.5,73.1,67.8,63.1,67.1,Below Average
S0763,Sofia Harris,72.8,65.4,57.5,59.0,59.7,56.1,61.75,Below Average
S0764,Demi Bailey,91.4,84.6,78.9,83.6,74.4,87.5,83.4,Above Average
S0765,Aaron Martin,36.4,48.5,40.3,45.2,47.1,41.6,43.18,Below Average
S0766,Bella Harris,64.2,68.6,70.3,57.5,62.4,77.2,66.7,Below Average
S0767,Uma Jackson,67.3,52.3,63.0,48.4,59.3,57.5,57.97,Below Average
S0768,Fiona Harris,53.7,49.0,67.4,59.2,52.2,50.5,55.33,Below Average
S0769,Demi Murphy,85.0,95.0,92.6,98.1,100,96.2,94.48,Above Average
S0770,Xena Lewis,96.4,85.0,100,78.3,81.5,80.3,86.92,Above Average
S0771,Rachel Cooper,75.0,68.1,64.9,70.7,74.9,84.4,73.0,Above Average
S0772,Bella Green,74.4,74.0,78.0,79.4,75.0,90.1,78.48,Above Average
S0773,Ryan Turner,96.5,91.5,80.4,98.3,84.5,91.9,90.52,Above Average
S0774,Eli Martinez,86.8,75.4,72.5,89.1,96.3,90.5,85.1,Above Average
S0775,Vera Richardson,78.7,73.9,57.2,60.8,73.6,93.3,72.92,Above Average
S0776,Quinn Carter,67.8,59.4,73.8,73.4,58.3,72.7,67.57,Below Average
S0777,Yara Rivera,66.0,68.0,74.0,81.5,90.8,66.2,74.42,Above Average
S0778,Laura Brown,67.7,75.9,82.0,73.2,64.7,81.0,74.08,Above Average
S0779,Rachel Ward,69.1,65.9,74.6,69.3,84.2,75.2,73.05,Above Average
S0780,Will Stewart,71.0,67.7,80.6,64.3,70.1,78.1,71.97,Above Average
S0781,Oscar Rogers,68.8,69.3,68.9,62.7,51.5,64.5,64.28,Below Average
S0782,Holly Thompson,59.7,83.4,65.8,58.8,68.6,61.9,66.37,Below Average
S0783,Uma Ward,67.9,80.1,72.4,90.8,85.3,65.5,77.0,Above Average
S0784,Irene Richardson,68.9,80.3,76.2,71.2,76.3,78.3,75.2,Above Average
S0785,Eva Allen,61.1,48.2,52.8,50.4,42.2,51.7,51.07,Below Average
S0786,Chris Bailey,65.7,65.6,68.2,72.6,62.6,64.3,66.5,Below Average
S0787,Carl Collins,58.5,68.3,60.9,70.1,82.2,73.3,68.88,Below Average
S0788,Beth Walker,64.3,57.6,58.4,65.3,76.4,49.2,61.87,Below Average
S0789,Faith Phillips,95.9,86.9,71.3,64.5,64.2,81.9,77.45,Above Average
S0790,Tom Cox,74.7,77.8,65.1,73.4,77.2,74.8,73.83,Above Average
S0791,James Phillips,94.7,69.6,93.3,74.7,89.6,95.4,86.22,Above Average
S0792,Mia Howard,87.3,79.1,84.7,77.0,79.9,87.1,82.52,Above Average
S0793,Noah Cooper,80.1,61.1,72.3,72.3,73.5,67.5,71.13,Above Average
S0794,Holly Garcia,80.3,97.5,87.5,88.9,93.3,93.8,90.22,Above Average
S0795,Uma Green,65.1,73.5,72.8,68.3,76.3,93.9,74.98,Above Average
S0796,James Stewart,60.4,47.7,49.8,47.4,49.6,61.0,52.65,Below Average
S0797,Tina Wright,65.2,70.8,67.5,71.1,73.4,61.7,68.28,Below Average
S0798,Diana Thomas,83.1,79.2,66.8,75.0,63.9,92.9,76.82,Above Average
S0799,Fiona Howard,80.5,76.2,88.1,86.7,78.0,90.4,83.32,Above Average
S0800,Hannah Walker,43.5,49.8,47.2,38.7,57.6,44.8,46.93,Below Average
S0801,Irene Stewart,57.0,64.6,66.0,67.2,71.8,68.2,65.8,Below Average
S0802,Henry Torres,85.6,82.5,75.7,93.4,74.2,84.4,82.63,Above Average
S0803,Demi Cook,73.1,89.5,85.1,78.2,80.5,69.8,79.37,Above Average
S0804,Glen Stewart,62.4,66.0,81.1,69.7,64.0,67.9,68.52,Below Average
S0805,Yusuf Carter,45.9,72.8,62.8,57.5,53.6,44.3,56.15,Below Average
S0806,Carl Walker,58.0,58.8,61.8,45.9,37.0,61.8,53.88,Below Average
S0807,Mike Stewart,98.8,87.1,81.7,92.1,100,96.0,92.62,Above Average
S0808,Kevin Thomas,42.6,44.5,37.6,36.4,44.9,43.0,41.5,Below Average
S0809,James Parker,68.6,72.2,81.7,65.4,60.5,66.0,69.07,Below Average
S0810,Yusuf Wright,63.4,79.3,64.0,62.9,57.8,66.8,65.7,Below Average
S0811,Aaron Peterson,76.6,73.3,74.0,70.0,56.9,48.7,66.58,Below Average
S0812,Ethan Robinson,65.9,70.4,74.2,59.0,67.2,68.0,67.45,Below Average
S0813,Bella Lee,84.5,77.1,83.9,80.8,78.3,71.4,79.33,Above Average
S0814,Hannah Lee,70.3,80.8,80.1,67.5,75.0,75.9,74.93,Above Average
S0815,Glen Lewis,71.8,79.2,82.3,82.1,81.1,86.5,80.5,Above Average
S0816,Ryan Cook,74.3,77.3,79.8,83.2,76.0,79.8,78.4,Above Average
S0817,Ryan Adams,79.8,72.7,77.3,80.1,70.6,67.7,74.7,Above Average
S0818,Ryan Baker,60.6,60.7,81.0,61.7,67.1,69.8,66.82,Below Average
S0819,Will Parker,82.9,69.6,71.6,69.9,71.8,66.0,71.97,Above Average
S0820,Zane Howard,53.7,49.9,59.9,54.2,65.2,50.7,55.6,Below Average
S0821,Tom Morris,86.8,90.7,86.3,93.0,93.4,94.5,90.78,Above Average
S0822,Mia Cox,64.1,56.6,58.7,59.8,63.7,41.8,57.45,Below Average
S0823,Frank Lewis,68.3,69.3,74.7,83.6,65.3,64.2,70.9,Above Average
S0824,Bob Howard,71.0,78.5,72.5,91.1,71.1,81.2,77.57,Above Average
S0825,Grace Edwards,72.4,71.3,84.1,67.9,73.2,81.5,75.07,Above Average
S0826,Zane Carter,59.2,70.9,87.9,65.1,75.9,67.7,71.12,Above Average
S0827,David Perez,88.9,81.6,85.5,77.6,74.1,95.9,83.93,Above Average
S0828,Priya Allen,75.1,86.0,90.0,94.2,74.8,84.9,84.17,Above Average
S0829,George Martin,50.1,70.3,49.1,54.5,47.7,66.0,56.28,Below Average
S0830,Yara Scott,65.1,48.7,57.7,44.9,63.9,44.4,54.12,Below Average
S0831,Nina Harris,81.0,65.9,64.3,71.4,78.3,74.6,72.58,Above Average
S0832,Fiona Lewis,80.4,89.5,86.9,79.3,78.6,91.4,84.35,Above Average
S0833,Liam Cooper,73.7,83.6,74.2,85.3,84.8,72.5,79.02,Above Average
S0834,Victor Bailey,65.2,68.7,71.3,62.4,73.9,76.7,69.7,Below Average
S0835,George Parker,51.9,70.6,59.1,48.1,67.0,65.8,60.42,Below Average
S0836,Zara Cox,89.7,70.8,79.3,76.6,64.6,63.9,74.15,Above Average
S0837,Holly Young,83.0,68.6,80.9,77.1,73.9,73.2,76.12,Above Average
S0838,Isla Wilson,68.3,56.4,51.5,70.3,63.8,77.9,64.7,Below Average
S0839,Victor Clark,66.8,57.6,76.6,59.4,76.0,74.7,68.52,Below Average
S0840,Aiden Bailey,90.3,100,81.3,92.6,73.2,92.4,88.3,Above Average
S0841,Xander Smith,57.6,50.8,43.3,59.3,55.8,41.5,51.38,Below Average
S0842,Bella Brown,82.2,85.3,88.0,81.8,64.3,74.0,79.27,Above Average
S0843,Uma Rivera,56.0,61.9,72.0,60.0,55.0,59.8,60.78,Below Average
S0844,Holly Allen,97.1,91.0,72.9,87.5,88.0,82.4,86.48,Above Average
S0845,Noah Ward,47.8,44.5,41.6,62.3,42.6,47.3,47.68,Below Average
S0846,Tina Lee,83.5,78.2,74.4,63.5,93.9,94.2,81.28,Above Average
S0847,Sam Harris,90.3,71.4,82.9,85.7,86.3,87.8,84.07,Above Average
S0848,Paul Richardson,58.6,43.9,60.5,56.3,63.8,59.4,57.08,Below Average
S0849,Oscar Mitchell,71.7,67.3,66.4,65.8,82.2,47.9,66.88,Below Average
S0850,Laura Phillips,77.8,63.6,74.1,68.6,82.6,88.6,75.88,Above Average
S0851,Beth Reed,64.1,56.7,75.2,73.7,72.0,71.0,68.78,Below Average
S0852,Diana Kim,96.6,98.2,88.5,93.3,87.7,93.4,92.95,Above Average
S0853,Sofia Perez,65.3,62.3,43.5,49.6,53.7,71.6,57.67,Below Average
S0854,James Carter,70.6,63.3,76.5,79.7,62.8,72.4,70.88,Above Average
S0855,Uma Mitchell,72.9,78.0,84.7,75.5,56.7,62.5,71.72,Above Average
S0856,Mike Cox,90.2,95.8,91.6,92.6,98.0,100,94.7,Above Average
S0857,Xander Lewis,73.1,79.9,82.2,54.6,80.1,69.0,73.15,Above Average
S0858,Will Carter,91.3,81.3,83.4,82.2,74.4,82.0,82.43,Above Average
S0859,Chris Torres,72.5,73.5,52.8,68.8,69.1,57.0,65.62,Below Average
S0860,Jack Howard,56.2,53.2,48.7,48.7,43.6,67.8,53.03,Below Average
S0861,Victor Roberts,92.5,83.1,91.4,93.2,91.7,100,91.98,Above Average
S0862,Yusuf Reed,70.5,85.4,72.5,72.0,84.2,71.8,76.07,Above Average
S0863,Xena Brown,83.5,86.1,76.6,97.7,87.4,66.0,82.88,Above Average
S0864,Noah Garcia,73.2,52.5,62.9,64.3,59.0,64.4,62.72,Below Average
S0865,Laura White,45.1,41.4,48.3,53.8,45.5,41.5,45.93,Below Average
S0866,Grace Roberts,77.7,79.4,75.4,79.0,72.7,83.2,77.9,Above Average
S0867,Nina Walker,91.4,78.8,83.4,90.5,93.1,79.0,86.03,Above Average
S0868,Glen Wilson,100,99.9,93.2,94.6,88.5,97.5,95.62,Above Average
S0869,James Wilson,77.7,67.9,69.8,81.9,72.8,72.1,73.7,Above Average
S0870,Zara Thomas,68.0,78.5,80.6,76.5,76.8,90.9,78.55,Above Average
S0871,Xander Roberts,91.6,84.7,90.9,100,88.2,100,92.57,Above Average
S0872,Carl Evans,66.9,92.8,90.7,72.1,61.4,73.3,76.2,Above Average
S0873,Yara Allen,71.9,80.1,71.1,81.8,84.9,79.7,78.25,Above Average
S0874,Vera Turner,90.6,74.1,76.5,83.4,79.5,58.5,77.1,Above Average
S0875,James Hall,33.1,48.2,43.7,46.2,43.9,54.8,44.98,Below Average
S0876,Victor Smith,100,95.8,100,92.9,99.1,98.0,97.63,Above Average
S0877,Julia Torres,58.7,64.8,69.5,75.7,59.3,51.0,63.17,Below Average
S0878,Beth Stewart,62.0,67.3,73.6,64.5,59.5,61.2,64.68,Below Average
S0879,Diana Young,80.6,84.3,85.6,80.5,100,81.8,85.47,Above Average
S0880,Nina Edwards,71.9,88.1,77.0,85.3,71.8,81.0,79.18,Above Average
S0881,Glen Reed,64.5,74.7,83.8,57.0,79.6,61.3,70.15,Above Average
S0882,Julia Jackson,60.6,57.4,61.9,56.7,70.0,67.8,62.4,Below Average
S0883,Eva Thomas,81.4,72.4,80.7,72.1,65.9,60.2,72.12,Above Average
S0884,Ivan Evans,38.3,48.7,20.4,43.9,26.4,23.7,33.57,Below Average
S0885,David Cox,80.6,90.2,83.6,80.0,75.7,75.1,80.87,Above Average
S0886,Faith Cook,88.5,93.9,79.8,91.7,92.7,87.6,89.03,Above Average
S0887,Kevin Rivera,93.5,99.7,90.2,96.8,94.1,94.9,94.87,Above Average
S0888,Oscar Edwards,88.4,86.1,84.7,70.9,75.8,75.8,80.28,Above Average
S0889,Quinn Garcia,82.6,77.5,81.2,71.8,91.2,91.9,82.7,Above Average
S0890,Nina Baker,65.8,53.6,61.8,63.2,66.7,65.6,62.78,Below Average
S0891,Demi Rogers,79.4,85.3,73.5,74.2,88.4,88.8,81.6,Above Average
S0892,Sam Cox,76.6,81.7,79.3,73.4,69.7,72.4,75.52,Above Average
S0893,Alice Adams,65.6,64.2,48.5,46.0,72.0,57.9,59.03,Below Average
S0894,Victor Campbell,60.4,62.6,56.6,57.4,60.4,54.0,58.57,Below Average
S0895,Quinn Allen,61.2,49.4,57.1,55.9,52.3,51.8,54.62,Below Average
S0896,Priya Bell,77.3,92.1,79.5,82.7,73.2,86.0,81.8,Above Average
S0897,Sam Young,84.4,83.8,82.5,87.4,100,83.7,86.97,Above Average
S0898,Wendy Jackson,81.9,68.8,71.4,73.4,73.9,79.0,74.73,Above Average
S0899,Tom Adams,59.1,45.2,53.6,57.1,57.7,67.9,56.77,Below Average
S0900,Zara Peterson,88.7,84.7,88.9,83.4,84.6,94.4,87.45,Above Average
S0901,Paul Nelson,49.5,62.7,80.6,70.5,74.0,76.7,69.0,Below Average
S0902,Bob Turner,76.2,75.7,74.9,81.3,71.5,68.9,74.75,Above Average
S0903,Bob Jackson,79.1,84.0,66.0,68.9,83.0,75.1,76.02,Above Average
S0904,Carl Thompson,75.6,73.4,70.8,67.2,75.2,70.5,72.12,Above Average
S0905,Irene Harris,74.6,73.3,58.0,89.5,61.0,85.5,73.65,Above Average
S0906,Faith Reed,75.7,73.4,84.3,65.1,74.4,78.9,75.3,Above Average
S0907,Xander Walker,32.4,45.4,47.7,41.4,41.8,31.5,40.03,Below Average
S0908,Uma Garcia,80.8,72.0,78.2,56.1,83.7,64.0,72.47,Above Average
S0909,Frank Bailey,56.8,63.3,58.4,54.7,43.1,45.2,53.58,Below Average
S0910,Diana Anderson,67.8,78.2,66.9,59.3,64.9,71.4,68.08,Below Average
S0911,Zane Edwards,80.9,91.5,87.3,90.6,100,80.6,88.48,Above Average
S0912,Faith King,61.4,70.1,71.1,85.4,80.5,80.7,74.87,Above Average
S0913,Wendy Martin,55.9,54.3,54.6,52.4,62.1,62.7,57.0,Below Average
S0914,Yara Smith,64.6,67.4,57.5,56.2,75.5,69.7,65.15,Below Average
S0915,George Roberts,47.9,62.2,57.3,61.0,59.9,60.6,58.15,Below Average
S0916,Victor Thompson,74.8,93.5,77.0,73.7,71.8,52.4,73.87,Above Average
S0917,Demi Bell,59.0,67.9,82.5,67.4,76.1,88.1,73.5,Above Average
S0918,Beth Campbell,71.5,70.2,57.8,51.6,86.7,66.6,67.4,Below Average
S0919,Olivia Martin,65.2,71.7,81.2,62.1,67.7,73.5,70.23,Above Average
S0920,Demi Jackson,44.7,70.2,54.5,66.2,63.1,60.4,59.85,Below Average
S0921,Isla Phillips,74.3,78.5,69.8,75.1,72.9,80.5,75.18,Above Average
S0922,Xena Wright,85.5,72.3,81.2,94.6,82.6,83.6,83.3,Above Average
S0923,Isla Davis,94.3,85.0,92.0,100,92.6,91.9,92.63,Above Average
S0924,James Wright,86.7,82.5,72.4,80.6,90.5,76.7,81.57,Above Average
S0925,Sofia Turner,95.3,80.4,80.7,87.4,98.6,77.8,86.7,Above Average
S0926,Sam Stewart,68.6,76.0,76.5,78.2,69.2,92.9,76.9,Above Average
S0927,Zane Taylor,78.0,66.8,84.8,65.0,89.4,82.7,77.78,Above Average
S0928,Tina Green,100,84.6,100,100,93.4,100,96.33,Above Average
S0929,Uma Morris,65.6,72.9,63.7,69.1,54.5,64.4,65.03,Below Average
S0930,Kevin Ward,73.8,83.2,86.1,83.6,71.8,68.5,77.83,Above Average
S0931,Wendy Rogers,71.8,72.2,93.1,88.6,77.0,88.4,81.85,Above Average
S0932,Bella Adams,78.3,94.8,85.9,83.6,86.3,84.8,85.62,Above Average
S0933,Faith Howard,99.4,74.1,82.8,97.3,90.8,99.9,90.72,Above Average
S0934,Aiden Bell,32.1,48.3,60.2,58.6,57.6,49.8,51.1,Below Average
S0935,Quinn Harris,58.3,69.7,64.1,58.6,50.8,58.2,59.95,Below Average
S0936,Zane White,52.3,48.7,54.6,44.9,48.3,39.2,48.0,Below Average
S0937,Eva Lee,61.7,67.7,62.1,70.0,49.6,64.2,62.55,Below Average
S0938,Grace Anderson,71.3,83.5,71.5,76.0,75.0,62.0,73.22,Above Average
S0939,Jack Baker,71.1,78.4,69.3,69.3,78.8,74.3,73.53,Above Average
S0940,Priya Stewart,49.7,36.6,47.9,57.6,54.0,53.5,49.88,Below Average
S0941,Irene Garcia,69.9,72.8,70.3,73.0,65.3,70.0,70.22,Above Average
S0942,Olivia Ward,100,97.3,82.1,77.7,97.9,91.3,91.05,Above Average
S0943,Oscar Jackson,39.0,45.5,57.3,52.6,55.9,51.5,50.3,Below Average
S0944,Priya Walker,79.4,74.3,76.1,85.4,71.9,84.9,78.67,Above Average
S0945,Carol Martinez,75.9,82.3,71.9,93.9,80.5,85.9,81.73,Above Average
S0946,Kevin Taylor,45.7,49.4,40.7,55.9,31.9,57.5,46.85,Below Average
S0947,Yusuf Rogers,80.7,77.9,64.8,88.7,75.4,78.4,77.65,Above Average
S0948,Holly Campbell,63.9,76.0,72.4,63.5,72.6,71.7,70.02,Above Average
S0949,Bob Evans,68.2,73.1,80.8,72.5,75.6,78.5,74.78,Above Average
S0950,Mia Davis,74.6,90.8,83.7,95.6,91.4,82.1,86.37,Above Average
S0951,Isla Robinson,76.1,77.0,66.8,50.7,70.8,63.3,67.45,Below Average
S0952,Vera Hall,60.4,67.9,80.2,69.3,77.7,62.3,69.63,Below Average
S0953,Tom Cook,92.2,71.1,75.5,74.2,74.1,56.4,73.92,Above Average
S0954,David Edwards,92.4,72.6,77.0,77.1,60.0,69.3,74.73,Above Average
S0955,George Lee,64.0,62.7,64.5,50.3,65.0,56.5,60.5,Below Average
S0956,Zara Nelson,100,97.2,83.0,89.8,78.0,90.3,89.72,Above Average
S0957,Will Green,58.7,73.9,71.9,61.9,84.1,74.4,70.82,Above Average
S0958,Mike Roberts,52.4,55.5,44.6,53.9,37.5,47.2,48.52,Below Average
S0959,Eva Hall,87.6,83.7,85.1,90.2,81.6,79.4,84.6,Above Average
S0960,Irene Scott,78.0,50.4,51.7,64.8,51.5,50.0,57.73,Below Average
S0961,Aiden Ward,100,90.3,100,100,100,97.4,97.95,Above Average
S0962,Vera Allen,88.8,97.4,93.3,86.6,87.3,83.1,89.42,Above Average
S0963,Will Garcia,74.3,76.5,61.7,66.6,61.1,68.3,68.08,Below Average
S0964,Diana Morris,68.2,69.4,54.2,59.0,66.7,68.0,64.25,Below Average
S0965,Frank Collins,61.5,63.3,48.4,84.5,77.7,72.6,68.0,Below Average
S0966,Bella Thompson,63.6,58.1,50.6,63.5,55.8,60.2,58.63,Below Average
S0967,Xena Ward,86.1,100,100,97.8,79.5,92.9,92.72,Above Average
S0968,Tom Lewis,85.0,80.4,76.6,80.4,81.4,71.9,79.28,Above Average
S0969,Aiden Collins,77.2,71.3,73.6,75.1,75.9,65.1,73.03,Above Average
S0970,Kevin Cooper,73.2,77.1,71.9,57.3,80.1,93.2,75.47,Above Average
S0971,Grace Howard,66.3,72.3,70.9,70.6,69.6,69.7,69.9,Below Average
S0972,Xena Kim,92.0,86.1,97.1,82.5,86.3,83.5,87.92,Above Average
S0973,Yara Parker,39.0,40.6,50.7,42.0,30.7,35.3,39.72,Below Average
S0974,Victor Walker,95.3,70.2,83.6,80.8,94.6,90.2,85.78,Above Average
S0975,Grace Johnson,57.4,51.5,37.6,61.1,62.4,58.5,54.75,Below Average
S0976,Beth Garcia,57.4,73.0,60.0,57.2,60.5,67.6,62.62,Below Average
S0977,Oscar Cooper,74.7,79.4,49.4,63.5,52.6,65.5,64.18,Below Average
S0978,Will Evans,87.8,78.6,100,78.6,74.1,87.5,84.43,Above Average
S0979,Grace Cook,66.9,55.9,44.0,69.7,49.9,59.3,57.62,Below Average
S0980,Julia Howard,52.4,72.5,77.8,66.5,63.2,67.5,66.65,Below Average
S0981,Karen Bell,85.2,100,100,100,92.8,85.8,93.97,Above Average
S0982,Rachel Martin,80.2,70.8,93.8,78.9,73.3,66.9,77.32,Above Average
S0983,Oscar Cook,51.4,47.8,55.6,34.5,42.3,57.4,48.17,Below Average
S0984,Holly Reed,75.8,63.5,68.4,64.8,84.7,74.5,71.95,Above Average
S0985,Sam Lee,85.1,76.0,77.5,90.1,76.7,85.2,81.77,Above Average
S0986,Yara Phillips,78.9,72.6,75.1,76.7,73.1,84.9,76.88,Above Average
S0987,Yusuf Young,62.4,88.5,88.6,77.0,78.2,95.9,81.77,Above Average
S0988,Uma Davis,76.1,67.2,75.7,85.2,77.3,78.6,76.68,Above Average
S0989,Demi Rivera,71.6,69.5,82.0,71.1,67.6,79.5,73.55,Above Average
S0990,Noah Carter,53.8,79.3,72.8,64.5,66.5,69.6,67.75,Below Average
S0991,Olivia Rogers,51.5,72.1,54.0,68.6,62.9,76.6,64.28,Below Average
S0992,Karen Smith,40.8,45.5,37.0,25.8,48.1,39.7,39.48,Below Average
S0993,Hannah Cook,80.3,73.5,83.0,64.9,70.8,68.3,73.47,Above Average
S0994,Demi Gray,54.0,47.6,58.4,59.9,54.0,49.9,53.97,Below Average
S0995,Jack Harris,89.0,75.9,74.9,74.4,65.6,65.6,74.23,Above Average
S0996,Jack King,47.8,37.1,49.7,24.4,57.5,52.0,44.75,Below Average
S0997,Henry Mitchell,53.9,73.6,60.4,60.8,63.7,63.1,62.58,Below Average
S0998,Liam Collins,85.5,72.0,97.8,85.2,93.4,90.6,87.42,Above Average
S0999,Beth Collins,67.1,58.3,59.9,62.5,62.2,48.4,59.73,Below Average
S1000,Olivia Smith,31.4,39.4,39.4,53.2,60.5,57.6,46.92,Below Average
